dataset,desired_class,overall_seed,fold_idx,test_sample_idx,rep_idx,x,pred_class_x,true_class_x,z,pred_class_z,check_plausibility,opt_C_robust,opt_K_robust,run_time,blackbox_test_acc,blackbox,gower_dist,loss
boston,0,42,4,0,0,"[0.06905, 0.0, 2.18, 0.0, 0.458, 7.147, 54.2, 6.0622, 3.0, 222.0, 18.7, 396.9, 5.33]",1,1,"[0.21977, 0.0, 6.9, 0.0, 0.448, 5.602, 62.0, 6.0877, 3.0, 233.0, 17.9, 396.9, 16.2]",0,False,False,0,0.325,0.9702970297029704,rf,0.061275081847519654,0.37679138707760595
boston,0,42,4,0,1,"[0.06905, 0.0, 2.18, 0.0, 0.458, 7.147, 54.2, 6.0622, 3.0, 222.0, 18.7, 396.9, 5.33]",1,1,"[0.21977, 0.0, 6.9, 0.0, 0.448, 5.602, 62.0, 6.0877, 3.0, 233.0, 17.9, 396.9, 16.2]",0,False,False,0,0.183,0.9702970297029704,rf,0.061275081847519654,0.37679138707760595
boston,0,42,4,0,2,"[0.06905, 0.0, 2.18, 0.0, 0.458, 7.147, 54.2, 6.0622, 3.0, 222.0, 18.7, 396.9, 5.33]",1,1,"[0.21977, 0.0, 6.9, 0.0, 0.448, 5.602, 62.0, 6.0877, 3.0, 233.0, 17.9, 396.9, 16.2]",0,False,False,0,0.182,0.9702970297029704,rf,0.061275081847519654,0.37679138707760595
boston,0,42,4,0,3,"[0.06905, 0.0, 2.18, 0.0, 0.458, 7.147, 54.2, 6.0622, 3.0, 222.0, 18.7, 396.9, 5.33]",1,1,"[0.21977, 0.0, 6.9, 0.0, 0.448, 5.602, 62.0, 6.0877, 3.0, 233.0, 17.9, 396.9, 16.2]",0,False,False,0,0.185,0.9702970297029704,rf,0.061275081847519654,0.37679138707760595
boston,0,42,4,0,4,"[0.06905, 0.0, 2.18, 0.0, 0.458, 7.147, 54.2, 6.0622, 3.0, 222.0, 18.7, 396.9, 5.33]",1,1,"[0.21977, 0.0, 6.9, 0.0, 0.448, 5.602, 62.0, 6.0877, 3.0, 233.0, 17.9, 396.9, 16.2]",0,False,False,0,0.183,0.9702970297029704,rf,0.061275081847519654,0.37679138707760595
boston,0,42,4,9,0,"[0.12744, 0.0, 6.91, 0.0, 0.448, 6.77, 2.9, 5.7209, 3.0, 233.0, 17.9, 385.41, 4.84]",1,1,"[0.15936, 0.0, 6.9, 0.0, 0.448, 6.211, 6.5, 5.7209, 3.0, 233.0, 17.9, 394.5, 7.44]",0,False,False,0,0.288,0.9702970297029704,rf,0.015127222605965452,0.2383328420722135
boston,0,42,4,9,1,"[0.12744, 0.0, 6.91, 0.0, 0.448, 6.77, 2.9, 5.7209, 3.0, 233.0, 17.9, 385.41, 4.84]",1,1,"[0.15936, 0.0, 6.9, 0.0, 0.448, 6.211, 6.5, 5.7209, 3.0, 233.0, 17.9, 394.5, 7.44]",0,False,False,0,0.186,0.9702970297029704,rf,0.015127222605965452,0.2383328420722135
boston,0,42,4,9,2,"[0.12744, 0.0, 6.91, 0.0, 0.448, 6.77, 2.9, 5.7209, 3.0, 233.0, 17.9, 385.41, 4.84]",1,1,"[0.15936, 0.0, 6.9, 0.0, 0.448, 6.211, 6.5, 5.7209, 3.0, 233.0, 17.9, 394.5, 7.44]",0,False,False,0,0.186,0.9702970297029704,rf,0.015127222605965452,0.2383328420722135
boston,0,42,4,9,3,"[0.12744, 0.0, 6.91, 0.0, 0.448, 6.77, 2.9, 5.7209, 3.0, 233.0, 17.9, 385.41, 4.84]",1,1,"[0.15936, 0.0, 6.9, 0.0, 0.448, 6.211, 6.5, 5.7209, 3.0, 233.0, 17.9, 394.5, 7.44]",0,False,False,0,0.187,0.9702970297029704,rf,0.015127222605965452,0.2383328420722135
boston,0,42,4,9,4,"[0.12744, 0.0, 6.91, 0.0, 0.448, 6.77, 2.9, 5.7209, 3.0, 233.0, 17.9, 385.41, 4.84]",1,1,"[0.15936, 0.0, 6.9, 0.0, 0.448, 6.211, 6.5, 5.7209, 3.0, 233.0, 17.9, 394.5, 7.44]",0,False,False,0,0.187,0.9702970297029704,rf,0.015127222605965452,0.2383328420722135
boston,0,42,4,12,0,"[0.01311, 90.0, 1.22, 0.0, 0.403, 7.249, 21.9, 8.6966, 5.0, 226.0, 17.9, 395.93, 4.81]",1,1,"[0.03871, 52.5, 5.3, 0.0, 0.405, 6.209, 31.3, 7.3172, 6.0, 293.0, 16.6, 396.9, 7.14]",0,False,False,0,0.275,0.9702970297029704,rf,0.0869656142341219,0.5050212686555225
boston,0,42,4,12,1,"[0.01311, 90.0, 1.22, 0.0, 0.403, 7.249, 21.9, 8.6966, 5.0, 226.0, 17.9, 395.93, 4.81]",1,1,"[0.03871, 52.5, 5.3, 0.0, 0.405, 6.209, 31.3, 7.3172, 6.0, 293.0, 16.6, 396.9, 7.14]",0,False,False,0,0.182,0.9702970297029704,rf,0.0869656142341219,0.5050212686555225
boston,0,42,4,12,2,"[0.01311, 90.0, 1.22, 0.0, 0.403, 7.249, 21.9, 8.6966, 5.0, 226.0, 17.9, 395.93, 4.81]",1,1,"[0.03871, 80.0, 1.8, 0.0, 0.405, 6.209, 31.3, 9.0892, 1.0, 241.0, 18.2, 396.9, 7.14]",0,False,False,0,0.182,0.9702970297029704,rf,0.050353789377319554,0.48671535622712137
boston,0,42,4,12,3,"[0.01311, 90.0, 1.22, 0.0, 0.403, 7.249, 21.9, 8.6966, 5.0, 226.0, 17.9, 395.93, 4.81]",1,1,"[0.01501, 80.0, 1.8, 0.0, 0.385, 6.23, 2.9, 8.344, 4.0, 280.0, 17.0, 341.6, 5.99]",0,False,False,0,0.184,0.9702970297029704,rf,0.06486715428078739,0.49397203867885525
boston,0,42,4,12,4,"[0.01311, 90.0, 1.22, 0.0, 0.403, 7.249, 21.9, 8.6966, 5.0, 226.0, 17.9, 395.93, 4.81]",1,1,"[0.03871, 52.5, 5.3, 0.0, 0.405, 6.209, 31.3, 7.3172, 6.0, 293.0, 16.6, 396.9, 7.14]",0,False,False,0,0.182,0.9702970297029704,rf,0.0869656142341219,0.5050212686555225
boston,0,42,4,17,0,"[0.05302, 0.0, 3.41, 0.0, 0.489, 7.079, 63.1, 3.4145, 2.0, 270.0, 17.8, 396.06, 5.7]",1,1,"[0.04684, 0.0, 3.4, 0.0, 0.489, 6.417, 66.1, 3.0923, 2.0, 270.0, 17.8, 392.2, 8.81]",0,False,False,0,0.265,0.9702970297029704,rf,0.017336281356158053,0.2778989099088483
boston,0,42,4,17,1,"[0.05302, 0.0, 3.41, 0.0, 0.489, 7.079, 63.1, 3.4145, 2.0, 270.0, 17.8, 396.06, 5.7]",1,1,"[0.04684, 0.0, 3.4, 0.0, 0.489, 6.417, 66.1, 3.0923, 2.0, 270.0, 17.8, 392.2, 8.81]",0,False,False,0,0.185,0.9702970297029704,rf,0.017336281356158053,0.2778989099088483
boston,0,42,4,17,2,"[0.05302, 0.0, 3.41, 0.0, 0.489, 7.079, 63.1, 3.4145, 2.0, 270.0, 17.8, 396.06, 5.7]",1,1,"[0.04684, 0.0, 3.4, 0.0, 0.489, 6.417, 66.1, 3.0923, 2.0, 270.0, 17.8, 392.2, 8.81]",0,False,False,0,0.185,0.9702970297029704,rf,0.017336281356158053,0.2778989099088483
boston,0,42,4,17,3,"[0.05302, 0.0, 3.41, 0.0, 0.489, 7.079, 63.1, 3.4145, 2.0, 270.0, 17.8, 396.06, 5.7]",1,1,"[0.04684, 0.0, 3.4, 0.0, 0.489, 6.417, 66.1, 3.0923, 2.0, 270.0, 17.8, 392.2, 8.81]",0,False,False,0,0.185,0.9702970297029704,rf,0.017336281356158053,0.2778989099088483
boston,0,42,4,17,4,"[0.05302, 0.0, 3.41, 0.0, 0.489, 7.079, 63.1, 3.4145, 2.0, 270.0, 17.8, 396.06, 5.7]",1,1,"[0.04684, 0.0, 3.4, 0.0, 0.489, 6.417, 66.1, 3.0923, 2.0, 270.0, 17.8, 392.2, 8.81]",0,False,False,0,0.182,0.9702970297029704,rf,0.017336281356158053,0.2778989099088483
boston,0,42,4,35,0,"[1.46336, 0.0, 19.58, 0.0, 0.605, 7.489, 90.8, 1.9709, 5.0, 403.0, 14.7, 374.43, 1.73]",1,1,"[1.34284, 0.0, 19.6, 0.0, 0.605, 6.066, 100.0, 1.7573, 5.0, 403.0, 14.7, 353.9, 6.43]",0,False,False,0,0.233,0.9702970297029704,rf,0.035399482514050326,0.28693051048779444
boston,0,42,4,35,1,"[1.46336, 0.0, 19.58, 0.0, 0.605, 7.489, 90.8, 1.9709, 5.0, 403.0, 14.7, 374.43, 1.73]",1,1,"[1.34284, 0.0, 19.6, 0.0, 0.605, 6.066, 100.0, 1.7573, 5.0, 403.0, 14.7, 353.9, 6.43]",0,False,False,0,0.179,0.9702970297029704,rf,0.035399482514050326,0.28693051048779444
boston,0,42,4,35,2,"[1.46336, 0.0, 19.58, 0.0, 0.605, 7.489, 90.8, 1.9709, 5.0, 403.0, 14.7, 374.43, 1.73]",1,1,"[1.34284, 0.0, 19.6, 0.0, 0.605, 6.066, 100.0, 1.7573, 5.0, 403.0, 14.7, 353.9, 6.43]",0,False,False,0,0.179,0.9702970297029704,rf,0.035399482514050326,0.28693051048779444
boston,0,42,4,35,3,"[1.46336, 0.0, 19.58, 0.0, 0.605, 7.489, 90.8, 1.9709, 5.0, 403.0, 14.7, 374.43, 1.73]",1,1,"[1.34284, 0.0, 19.6, 0.0, 0.605, 6.066, 100.0, 1.7573, 5.0, 403.0, 14.7, 353.9, 6.43]",0,False,False,0,0.181,0.9702970297029704,rf,0.035399482514050326,0.28693051048779444
boston,0,42,4,35,4,"[1.46336, 0.0, 19.58, 0.0, 0.605, 7.489, 90.8, 1.9709, 5.0, 403.0, 14.7, 374.43, 1.73]",1,1,"[1.34284, 0.0, 19.6, 0.0, 0.605, 6.066, 100.0, 1.7573, 5.0, 403.0, 14.7, 353.9, 6.43]",0,False,False,0,0.179,0.9702970297029704,rf,0.035399482514050326,0.28693051048779444
boston,0,42,4,38,0,"[0.06588, 0.0, 2.46, 0.0, 0.488, 7.765, 83.3, 2.741, 3.0, 193.0, 17.8, 395.56, 7.56]",1,1,"[0.22927, 0.0, 6.9, 0.0, 0.448, 6.03, 85.5, 5.6894, 3.0, 233.0, 17.9, 392.7, 18.8]",0,False,False,0,0.284,0.9702970297029704,rf,0.07792299416764868,0.423576881699209
boston,0,42,4,38,1,"[0.06588, 0.0, 2.46, 0.0, 0.488, 7.765, 83.3, 2.741, 3.0, 193.0, 17.8, 395.56, 7.56]",1,1,"[0.07165, 0.0, 7.0, 0.0, 0.464, 6.004, 61.5, 1.1296, 3.0, 223.0, 12.6, 391.3, 13.65]",0,False,False,0,0.182,0.9702970297029704,rf,0.09992354774369246,0.4345771584872309
boston,0,42,4,38,2,"[0.06588, 0.0, 2.46, 0.0, 0.488, 7.765, 83.3, 2.741, 3.0, 193.0, 17.8, 395.56, 7.56]",1,1,"[0.22927, 0.0, 6.9, 0.0, 0.448, 6.03, 85.5, 5.6894, 3.0, 233.0, 17.9, 392.7, 18.8]",0,False,False,0,0.181,0.9702970297029704,rf,0.07792299416764868,0.423576881699209
boston,0,42,4,38,3,"[0.06588, 0.0, 2.46, 0.0, 0.488, 7.765, 83.3, 2.741, 3.0, 193.0, 17.8, 395.56, 7.56]",1,1,"[0.22927, 0.0, 6.9, 0.0, 0.448, 6.03, 85.5, 5.6894, 3.0, 233.0, 17.9, 392.7, 18.8]",0,False,False,0,0.183,0.9702970297029704,rf,0.07792299416764868,0.423576881699209
boston,0,42,4,38,4,"[0.06588, 0.0, 2.46, 0.0, 0.488, 7.765, 83.3, 2.741, 3.0, 193.0, 17.8, 395.56, 7.56]",1,1,"[0.22927, 0.0, 6.9, 0.0, 0.448, 6.03, 85.5, 5.6894, 3.0, 233.0, 17.9, 392.7, 18.8]",0,False,False,0,0.182,0.9702970297029704,rf,0.07792299416764868,0.423576881699209
boston,0,42,4,39,0,"[0.07875, 45.0, 3.44, 0.0, 0.437, 6.782, 41.1, 3.7886, 5.0, 398.0, 15.2, 393.87, 6.68]",1,1,"[0.09512, 0.0, 12.8, 0.0, 0.437, 6.286, 45.0, 4.5026, 5.0, 398.0, 18.7, 383.2, 8.94]",0,False,False,0,0.316,0.9702970297029704,rf,0.09470446530459563,0.39350607880614397
boston,0,42,4,39,1,"[0.07875, 45.0, 3.44, 0.0, 0.437, 6.782, 41.1, 3.7886, 5.0, 398.0, 15.2, 393.87, 6.68]",1,1,"[0.09512, 0.0, 12.8, 0.0, 0.437, 6.286, 45.0, 4.5026, 5.0, 398.0, 18.7, 383.2, 8.94]",0,False,False,0,0.181,0.9702970297029704,rf,0.09470446530459563,0.39350607880614397
boston,0,42,4,39,2,"[0.07875, 45.0, 3.44, 0.0, 0.437, 6.782, 41.1, 3.7886, 5.0, 398.0, 15.2, 393.87, 6.68]",1,1,"[0.05646, 60.0, 12.8, 0.0, 0.437, 6.232, 2.9, 1.1296, 5.0, 398.0, 18.7, 386.4, 7.79]",0,False,False,0,0.18,0.9702970297029704,rf,0.1065090769620805,0.39940838463488637
boston,0,42,4,39,3,"[0.07875, 45.0, 3.44, 0.0, 0.437, 6.782, 41.1, 3.7886, 5.0, 398.0, 15.2, 393.87, 6.68]",1,1,"[0.09512, 0.0, 12.8, 0.0, 0.437, 6.286, 45.0, 4.5026, 5.0, 398.0, 18.7, 383.2, 8.94]",0,False,False,0,0.182,0.9702970297029704,rf,0.09470446530459563,0.39350607880614397
boston,0,42,4,39,4,"[0.07875, 45.0, 3.44, 0.0, 0.437, 6.782, 41.1, 3.7886, 5.0, 398.0, 15.2, 393.87, 6.68]",1,1,"[0.09512, 0.0, 12.8, 0.0, 0.437, 6.286, 45.0, 4.5026, 5.0, 398.0, 18.7, 383.2, 8.94]",0,False,False,0,0.181,0.9702970297029704,rf,0.09470446530459563,0.39350607880614397
boston,0,42,4,40,0,"[0.09068, 45.0, 3.44, 0.0, 0.437, 6.951, 21.5, 6.4798, 5.0, 398.0, 15.2, 377.68, 5.1]",1,1,"[0.09512, 0.0, 12.8, 0.0, 0.437, 6.286, 45.0, 4.5026, 5.0, 398.0, 18.7, 383.2, 8.94]",0,False,False,0,0.278,0.9702970297029704,rf,0.12053221621937492,0.4064199542635336
boston,0,42,4,40,1,"[0.09068, 45.0, 3.44, 0.0, 0.437, 6.951, 21.5, 6.4798, 5.0, 398.0, 15.2, 377.68, 5.1]",1,1,"[0.09512, 0.0, 12.8, 0.0, 0.437, 6.286, 45.0, 4.5026, 5.0, 398.0, 18.7, 383.2, 8.94]",0,False,False,0,0.195,0.9702970297029704,rf,0.12053221621937492,0.4064199542635336
boston,0,42,4,40,2,"[0.09068, 45.0, 3.44, 0.0, 0.437, 6.951, 21.5, 6.4798, 5.0, 398.0, 15.2, 377.68, 5.1]",1,1,"[0.09512, 0.0, 12.8, 0.0, 0.437, 6.286, 45.0, 4.5026, 5.0, 398.0, 18.7, 383.2, 8.94]",0,False,False,0,0.185,0.9702970297029704,rf,0.12053221621937492,0.4064199542635336
boston,0,42,4,40,3,"[0.09068, 45.0, 3.44, 0.0, 0.437, 6.951, 21.5, 6.4798, 5.0, 398.0, 15.2, 377.68, 5.1]",1,1,"[0.09512, 0.0, 12.8, 0.0, 0.437, 6.286, 45.0, 4.5026, 5.0, 398.0, 18.7, 383.2, 8.94]",0,False,False,0,0.187,0.9702970297029704,rf,0.12053221621937492,0.4064199542635336
boston,0,42,4,40,4,"[0.09068, 45.0, 3.44, 0.0, 0.437, 6.951, 21.5, 6.4798, 5.0, 398.0, 15.2, 377.68, 5.1]",1,1,"[0.09512, 0.0, 12.8, 0.0, 0.437, 6.286, 45.0, 4.5026, 5.0, 398.0, 18.7, 383.2, 8.94]",0,False,False,0,0.185,0.9702970297029704,rf,0.12053221621937492,0.4064199542635336
boston,0,42,4,41,0,"[0.06911, 45.0, 3.44, 0.0, 0.437, 6.739, 30.8, 6.4798, 5.0, 398.0, 15.2, 389.71, 4.69]",1,1,"[0.09512, 0.0, 12.8, 0.0, 0.437, 6.286, 45.0, 4.5026, 5.0, 398.0, 18.7, 383.2, 8.94]",0,False,False,0,0.314,0.9702970297029704,rf,0.11220956709084778,0.40225862969927006
boston,0,42,4,41,1,"[0.06911, 45.0, 3.44, 0.0, 0.437, 6.739, 30.8, 6.4798, 5.0, 398.0, 15.2, 389.71, 4.69]",1,1,"[0.09512, 0.0, 12.8, 0.0, 0.437, 6.286, 45.0, 4.5026, 5.0, 398.0, 18.7, 383.2, 8.94]",0,False,False,0,0.191,0.9702970297029704,rf,0.11220956709084778,0.40225862969927006
boston,0,42,4,41,2,"[0.06911, 45.0, 3.44, 0.0, 0.437, 6.739, 30.8, 6.4798, 5.0, 398.0, 15.2, 389.71, 4.69]",1,1,"[0.09512, 0.0, 12.8, 0.0, 0.437, 6.286, 45.0, 4.5026, 5.0, 398.0, 18.7, 383.2, 8.94]",0,False,False,0,0.191,0.9702970297029704,rf,0.11220956709084778,0.40225862969927006
boston,0,42,4,41,3,"[0.06911, 45.0, 3.44, 0.0, 0.437, 6.739, 30.8, 6.4798, 5.0, 398.0, 15.2, 389.71, 4.69]",1,1,"[0.09512, 0.0, 12.8, 0.0, 0.437, 6.286, 45.0, 4.5026, 5.0, 398.0, 18.7, 383.2, 8.94]",0,False,False,0,0.193,0.9702970297029704,rf,0.11220956709084778,0.40225862969927006
boston,0,42,4,41,4,"[0.06911, 45.0, 3.44, 0.0, 0.437, 6.739, 30.8, 6.4798, 5.0, 398.0, 15.2, 389.71, 4.69]",1,1,"[0.09512, 0.0, 12.8, 0.0, 0.437, 6.286, 45.0, 4.5026, 5.0, 398.0, 18.7, 383.2, 8.94]",0,False,False,0,0.192,0.9702970297029704,rf,0.11220956709084778,0.40225862969927006
boston,0,42,4,42,0,"[0.0351, 95.0, 2.68, 0.0, 0.4161, 7.853, 33.2, 5.118, 4.0, 224.0, 14.7, 392.78, 3.81]",1,1,"[0.01501, 80.0, 2.0, 0.0, 0.435, 6.635, 29.7, 8.344, 4.0, 280.0, 17.0, 390.9, 5.99]",0,False,False,0,0.144,0.9702970297029704,rf,0.07003070972201982,0.45809227793793306
boston,0,42,4,42,1,"[0.0351, 95.0, 2.68, 0.0, 0.4161, 7.853, 33.2, 5.118, 4.0, 224.0, 14.7, 392.78, 3.81]",1,1,"[0.01501, 80.0, 2.0, 0.0, 0.435, 6.635, 31.3, 8.344, 4.0, 187.0, 17.0, 390.9, 5.99]",0,False,False,0,0.129,0.9702970297029704,rf,0.06652630204178794,0.45634007409781707
boston,0,42,4,42,2,"[0.0351, 95.0, 2.68, 0.0, 0.4161, 7.853, 33.2, 5.118, 4.0, 224.0, 14.7, 392.78, 3.81]",1,1,"[0.01501, 80.0, 2.0, 0.0, 0.435, 6.635, 29.7, 8.344, 4.0, 280.0, 17.0, 390.9, 5.99]",0,False,False,0,0.128,0.9702970297029704,rf,0.07003070972201982,0.45809227793793306
boston,0,42,4,42,3,"[0.0351, 95.0, 2.68, 0.0, 0.4161, 7.853, 33.2, 5.118, 4.0, 224.0, 14.7, 392.78, 3.81]",1,1,"[0.01501, 80.0, 2.0, 0.0, 0.435, 6.635, 29.7, 8.344, 4.0, 280.0, 17.0, 390.9, 5.99]",0,False,False,0,0.129,0.9702970297029704,rf,0.07003070972201982,0.45809227793793306
boston,0,42,4,42,4,"[0.0351, 95.0, 2.68, 0.0, 0.4161, 7.853, 33.2, 5.118, 4.0, 224.0, 14.7, 392.78, 3.81]",1,1,"[0.01501, 80.0, 2.0, 0.0, 0.435, 6.635, 29.7, 8.344, 4.0, 280.0, 17.0, 390.9, 5.99]",0,False,False,0,0.129,0.9702970297029704,rf,0.07003070972201982,0.45809227793793306
boston,0,42,4,44,0,"[0.31533, 0.0, 6.2, 0.0, 0.504, 8.266, 78.3, 2.8944, 8.0, 307.0, 17.4, 385.05, 4.14]",1,1,"[0.537, 0.0, 6.2, 0.0, 0.504, 5.981, 68.1, 3.6715, 8.0, 307.0, 17.4, 378.4, 11.65]",0,False,False,0,0.281,0.9702970297029704,rf,0.05036196451272614,0.25595021302559384
boston,0,42,4,44,1,"[0.31533, 0.0, 6.2, 0.0, 0.504, 8.266, 78.3, 2.8944, 8.0, 307.0, 17.4, 385.05, 4.14]",1,1,"[0.537, 0.0, 6.2, 0.0, 0.504, 5.981, 68.1, 3.6715, 8.0, 307.0, 17.4, 378.4, 11.65]",0,False,False,0,0.186,0.9702970297029704,rf,0.05036196451272614,0.25595021302559384
boston,0,42,4,44,2,"[0.31533, 0.0, 6.2, 0.0, 0.504, 8.266, 78.3, 2.8944, 8.0, 307.0, 17.4, 385.05, 4.14]",1,1,"[0.537, 0.0, 6.2, 0.0, 0.504, 5.981, 68.1, 3.6715, 8.0, 307.0, 17.4, 378.4, 11.65]",0,False,False,0,0.185,0.9702970297029704,rf,0.05036196451272614,0.25595021302559384
boston,0,42,4,44,3,"[0.31533, 0.0, 6.2, 0.0, 0.504, 8.266, 78.3, 2.8944, 8.0, 307.0, 17.4, 385.05, 4.14]",1,1,"[0.537, 0.0, 6.2, 0.0, 0.504, 5.981, 68.1, 3.6715, 8.0, 307.0, 17.4, 378.4, 11.65]",0,False,False,0,0.187,0.9702970297029704,rf,0.05036196451272614,0.25595021302559384
boston,0,42,4,44,4,"[0.31533, 0.0, 6.2, 0.0, 0.504, 8.266, 78.3, 2.8944, 8.0, 307.0, 17.4, 385.05, 4.14]",1,1,"[0.537, 0.0, 6.2, 0.0, 0.504, 5.981, 68.1, 3.6715, 8.0, 307.0, 17.4, 378.4, 11.65]",0,False,False,0,0.185,0.9702970297029704,rf,0.05036196451272614,0.25595021302559384
boston,0,42,4,45,0,"[0.52693, 0.0, 6.2, 0.0, 0.504, 8.725, 83.0, 2.8944, 8.0, 307.0, 17.4, 382.0, 4.63]",1,1,"[0.52058, 0.0, 6.2, 1.0, 0.507, 6.631, 76.5, 4.148, 8.0, 307.0, 17.4, 388.5, 9.54]",0,False,False,0,0.201,0.9702970297029704,rf,0.12007910409301446,0.36773185973881495
boston,0,42,4,45,1,"[0.52693, 0.0, 6.2, 0.0, 0.504, 8.725, 83.0, 2.8944, 8.0, 307.0, 17.4, 382.0, 4.63]",1,1,"[0.52058, 0.0, 6.2, 1.0, 0.507, 6.631, 76.5, 4.148, 8.0, 307.0, 17.4, 388.5, 9.54]",0,False,False,0,0.181,0.9702970297029704,rf,0.12007910409301446,0.36773185973881495
boston,0,42,4,45,2,"[0.52693, 0.0, 6.2, 0.0, 0.504, 8.725, 83.0, 2.8944, 8.0, 307.0, 17.4, 382.0, 4.63]",1,1,"[0.52058, 0.0, 6.2, 1.0, 0.507, 6.631, 76.5, 4.148, 8.0, 307.0, 17.4, 388.5, 9.54]",0,False,False,0,0.181,0.9702970297029704,rf,0.12007910409301446,0.36773185973881495
boston,0,42,4,45,3,"[0.52693, 0.0, 6.2, 0.0, 0.504, 8.725, 83.0, 2.8944, 8.0, 307.0, 17.4, 382.0, 4.63]",1,1,"[0.52058, 0.0, 6.2, 1.0, 0.507, 6.631, 76.5, 4.148, 8.0, 307.0, 17.4, 388.5, 9.54]",0,False,False,0,0.182,0.9702970297029704,rf,0.12007910409301446,0.36773185973881495
boston,0,42,4,45,4,"[0.52693, 0.0, 6.2, 0.0, 0.504, 8.725, 83.0, 2.8944, 8.0, 307.0, 17.4, 382.0, 4.63]",1,1,"[0.52058, 0.0, 6.2, 1.0, 0.507, 6.631, 76.5, 4.148, 8.0, 307.0, 17.4, 388.5, 9.54]",0,False,False,0,0.181,0.9702970297029704,rf,0.12007910409301446,0.36773185973881495
boston,0,42,4,46,0,"[0.38214, 0.0, 6.2, 0.0, 0.504, 8.04, 86.5, 3.2157, 8.0, 307.0, 17.4, 387.38, 3.13]",1,1,"[0.52058, 0.0, 6.2, 1.0, 0.507, 6.631, 76.5, 4.148, 8.0, 307.0, 17.4, 388.5, 9.54]",0,False,False,0,0.204,0.9702970297029704,rf,0.11656088128425823,0.3659727483344368
boston,0,42,4,46,1,"[0.38214, 0.0, 6.2, 0.0, 0.504, 8.04, 86.5, 3.2157, 8.0, 307.0, 17.4, 387.38, 3.13]",1,1,"[0.52058, 0.0, 6.2, 1.0, 0.507, 6.631, 76.5, 4.148, 8.0, 307.0, 17.4, 388.5, 9.54]",0,False,False,0,0.181,0.9702970297029704,rf,0.11656088128425823,0.3659727483344368
boston,0,42,4,46,2,"[0.38214, 0.0, 6.2, 0.0, 0.504, 8.04, 86.5, 3.2157, 8.0, 307.0, 17.4, 387.38, 3.13]",1,1,"[0.52058, 0.0, 6.2, 1.0, 0.507, 6.631, 76.5, 4.148, 8.0, 307.0, 17.4, 388.5, 9.54]",0,False,False,0,0.18,0.9702970297029704,rf,0.11656088128425823,0.3659727483344368
boston,0,42,4,46,3,"[0.38214, 0.0, 6.2, 0.0, 0.504, 8.04, 86.5, 3.2157, 8.0, 307.0, 17.4, 387.38, 3.13]",1,1,"[0.52058, 0.0, 6.2, 1.0, 0.507, 6.631, 76.5, 4.148, 8.0, 307.0, 17.4, 388.5, 9.54]",0,False,False,0,0.182,0.9702970297029704,rf,0.11656088128425823,0.3659727483344368
boston,0,42,4,46,4,"[0.38214, 0.0, 6.2, 0.0, 0.504, 8.04, 86.5, 3.2157, 8.0, 307.0, 17.4, 387.38, 3.13]",1,1,"[0.52058, 0.0, 6.2, 1.0, 0.507, 6.631, 76.5, 4.148, 8.0, 307.0, 17.4, 388.5, 9.54]",0,False,False,0,0.183,0.9702970297029704,rf,0.11656088128425823,0.3659727483344368
boston,0,42,4,51,0,"[0.66351, 20.0, 3.97, 0.0, 0.647, 7.333, 100.0, 1.8946, 5.0, 264.0, 13.0, 383.29, 7.79]",1,1,"[0.06076, 0.0, 11.9, 0.0, 0.573, 6.976, 91.0, 2.1675, 1.0, 273.0, 21.0, 396.9, 5.64]",0,False,False,0,0.252,0.9702970297029704,rf,0.11858486762943249,0.5208308953531778
boston,0,42,4,51,1,"[0.66351, 20.0, 3.97, 0.0, 0.647, 7.333, 100.0, 1.8946, 5.0, 264.0, 13.0, 383.29, 7.79]",1,1,"[0.00632, 28.0, 0.5, 0.0, 0.573, 6.03, 2.9, 1.1296, 1.0, 187.0, 12.6, 396.9, 1.73]",0,False,False,0,0.186,0.9702970297029704,rf,0.15560412796863857,0.5393405255227809
boston,0,42,4,51,2,"[0.66351, 20.0, 3.97, 0.0, 0.647, 7.333, 100.0, 1.8946, 5.0, 264.0, 13.0, 383.29, 7.79]",1,1,"[0.06076, 0.0, 11.9, 0.0, 0.573, 6.976, 91.0, 2.1675, 1.0, 273.0, 21.0, 396.9, 5.64]",0,False,False,0,0.184,0.9702970297029704,rf,0.11858486762943249,0.5208308953531778
boston,0,42,4,51,3,"[0.66351, 20.0, 3.97, 0.0, 0.647, 7.333, 100.0, 1.8946, 5.0, 264.0, 13.0, 383.29, 7.79]",1,1,"[0.00632, 0.0, 3.4, 0.0, 0.573, 6.03, 2.9, 1.1296, 1.0, 187.0, 12.6, 396.9, 5.5]",0,False,False,0,0.188,0.9702970297029704,rf,0.14996310232761292,0.536520012702268
boston,0,42,4,51,4,"[0.66351, 20.0, 3.97, 0.0, 0.647, 7.333, 100.0, 1.8946, 5.0, 264.0, 13.0, 383.29, 7.79]",1,1,"[0.06076, 0.0, 11.9, 0.0, 0.573, 6.976, 91.0, 2.1675, 1.0, 273.0, 21.0, 396.9, 5.64]",0,False,False,0,0.183,0.9702970297029704,rf,0.11858486762943249,0.5208308953531778
boston,0,42,4,53,0,"[0.22188, 20.0, 6.96, 1.0, 0.464, 7.691, 51.8, 4.3665, 3.0, 223.0, 18.6, 390.77, 6.58]",1,1,"[0.09065, 20.0, 7.0, 1.0, 0.464, 5.92, 61.5, 3.9175, 3.0, 223.0, 18.6, 391.3, 13.65]",0,False,False,0,0.205,0.9702970297029704,rf,0.04127483028411529,0.2898681843728269
boston,0,42,4,53,1,"[0.22188, 20.0, 6.96, 1.0, 0.464, 7.691, 51.8, 4.3665, 3.0, 223.0, 18.6, 390.77, 6.58]",1,1,"[0.09065, 20.0, 7.0, 1.0, 0.464, 5.92, 61.5, 3.9175, 3.0, 223.0, 18.6, 391.3, 13.65]",0,False,False,0,0.181,0.9702970297029704,rf,0.04127483028411529,0.2898681843728269
boston,0,42,4,53,2,"[0.22188, 20.0, 6.96, 1.0, 0.464, 7.691, 51.8, 4.3665, 3.0, 223.0, 18.6, 390.77, 6.58]",1,1,"[0.09065, 20.0, 7.0, 1.0, 0.464, 5.92, 61.5, 3.9175, 3.0, 223.0, 18.6, 391.3, 13.65]",0,False,False,0,0.18,0.9702970297029704,rf,0.04127483028411529,0.2898681843728269
boston,0,42,4,53,3,"[0.22188, 20.0, 6.96, 1.0, 0.464, 7.691, 51.8, 4.3665, 3.0, 223.0, 18.6, 390.77, 6.58]",1,1,"[0.09065, 20.0, 7.0, 1.0, 0.464, 5.92, 61.5, 3.9175, 3.0, 223.0, 18.6, 391.3, 13.65]",0,False,False,0,0.182,0.9702970297029704,rf,0.04127483028411529,0.2898681843728269
boston,0,42,4,53,4,"[0.22188, 20.0, 6.96, 1.0, 0.464, 7.691, 51.8, 4.3665, 3.0, 223.0, 18.6, 390.77, 6.58]",1,1,"[0.09065, 20.0, 7.0, 1.0, 0.464, 5.92, 61.5, 3.9175, 3.0, 223.0, 18.6, 391.3, 13.65]",0,False,False,0,0.181,0.9702970297029704,rf,0.04127483028411529,0.2898681843728269
boston,0,42,4,54,0,"[0.05644, 40.0, 6.41, 1.0, 0.447, 6.758, 32.9, 4.0776, 4.0, 254.0, 17.6, 396.9, 3.53]",1,1,"[0.0536, 21.0, 5.6, 0.0, 0.439, 6.511, 21.1, 6.8147, 4.0, 243.0, 16.8, 396.9, 5.28]",0,False,False,0,0.241,0.9702970297029704,rf,0.1295102966971894,0.4878320714255178
boston,0,42,4,54,1,"[0.05644, 40.0, 6.41, 1.0, 0.447, 6.758, 32.9, 4.0776, 4.0, 254.0, 17.6, 396.9, 3.53]",1,1,"[0.0536, 21.0, 5.6, 0.0, 0.439, 6.511, 21.1, 6.8147, 4.0, 243.0, 16.8, 396.9, 5.28]",0,False,False,0,0.182,0.9702970297029704,rf,0.1295102966971894,0.4878320714255178
boston,0,42,4,54,2,"[0.05644, 40.0, 6.41, 1.0, 0.447, 6.758, 32.9, 4.0776, 4.0, 254.0, 17.6, 396.9, 3.53]",1,1,"[0.0536, 21.0, 5.6, 0.0, 0.439, 6.511, 21.1, 6.8147, 4.0, 243.0, 16.8, 396.9, 5.28]",0,False,False,0,0.181,0.9702970297029704,rf,0.1295102966971894,0.4878320714255178
boston,0,42,4,54,3,"[0.05644, 40.0, 6.41, 1.0, 0.447, 6.758, 32.9, 4.0776, 4.0, 254.0, 17.6, 396.9, 3.53]",1,1,"[0.03659, 25.0, 0.5, 1.0, 0.464, 6.302, 32.2, 5.4007, 4.0, 281.0, 19.0, 396.9, 6.21]",0,False,False,0,0.197,0.9702970297029704,rf,0.05618962237541415,0.4127101958030917
boston,0,42,4,54,4,"[0.05644, 40.0, 6.41, 1.0, 0.447, 6.758, 32.9, 4.0776, 4.0, 254.0, 17.6, 396.9, 3.53]",1,1,"[0.0536, 21.0, 5.6, 0.0, 0.439, 6.511, 21.1, 6.8147, 4.0, 243.0, 16.8, 396.9, 5.28]",0,False,False,0,0.18,0.9702970297029704,rf,0.1295102966971894,0.4878320714255178
boston,0,42,4,55,0,"[0.09604, 40.0, 6.41, 0.0, 0.447, 6.854, 42.8, 4.2673, 4.0, 254.0, 17.6, 396.9, 2.98]",1,1,"[0.0536, 21.0, 5.6, 0.0, 0.439, 6.511, 21.1, 6.8147, 4.0, 243.0, 16.8, 396.9, 5.28]",0,False,False,0,0.182,0.9702970297029704,rf,0.06139000543912322,0.41531038733494624
boston,0,42,4,55,1,"[0.09604, 40.0, 6.41, 0.0, 0.447, 6.854, 42.8, 4.2673, 4.0, 254.0, 17.6, 396.9, 2.98]",1,1,"[0.0536, 21.0, 5.6, 0.0, 0.439, 6.511, 21.1, 6.8147, 4.0, 243.0, 16.8, 396.9, 5.28]",0,False,False,0,0.164,0.9702970297029704,rf,0.06139000543912322,0.41531038733494624
boston,0,42,4,55,2,"[0.09604, 40.0, 6.41, 0.0, 0.447, 6.854, 42.8, 4.2673, 4.0, 254.0, 17.6, 396.9, 2.98]",1,1,"[0.0536, 21.0, 5.6, 0.0, 0.439, 6.511, 21.1, 6.8147, 4.0, 243.0, 16.8, 396.9, 5.28]",0,False,False,0,0.149,0.9702970297029704,rf,0.06139000543912322,0.41531038733494624
boston,0,42,4,55,3,"[0.09604, 40.0, 6.41, 0.0, 0.447, 6.854, 42.8, 4.2673, 4.0, 254.0, 17.6, 396.9, 2.98]",1,1,"[0.0536, 21.0, 5.6, 0.0, 0.439, 6.511, 21.1, 6.8147, 4.0, 243.0, 16.8, 396.9, 5.28]",0,False,False,0,0.148,0.9702970297029704,rf,0.06139000543912322,0.41531038733494624
boston,0,42,4,55,4,"[0.09604, 40.0, 6.41, 0.0, 0.447, 6.854, 42.8, 4.2673, 4.0, 254.0, 17.6, 396.9, 2.98]",1,1,"[0.0536, 21.0, 5.6, 0.0, 0.439, 6.511, 21.1, 6.8147, 4.0, 243.0, 16.8, 396.9, 5.28]",0,False,False,0,0.149,0.9702970297029704,rf,0.06139000543912322,0.41531038733494624
boston,0,42,4,56,0,"[0.01501, 90.0, 1.21, 1.0, 0.401, 7.923, 24.8, 5.885, 1.0, 198.0, 13.6, 395.52, 3.16]",1,1,"[0.04981, 21.0, 5.6, 1.0, 0.385, 6.23, 21.4, 1.1296, 1.0, 241.0, 16.8, 396.9, 8.43]",0,False,False,0,0.2,0.9702970297029704,rf,0.14245241223434899,0.49430312919409763
boston,0,42,4,56,1,"[0.01501, 90.0, 1.21, 1.0, 0.401, 7.923, 24.8, 5.885, 1.0, 198.0, 13.6, 395.52, 3.16]",1,1,"[0.00632, 21.0, 5.6, 1.0, 0.385, 6.635, 31.5, 9.0892, 1.0, 280.0, 18.2, 0.3, 8.43]",0,False,False,0,0.161,0.9702970297029704,rf,0.22043251934021516,0.5332931827470307
boston,0,42,4,56,2,"[0.01501, 90.0, 1.21, 1.0, 0.401, 7.923, 24.8, 5.885, 1.0, 198.0, 13.6, 395.52, 3.16]",1,1,"[0.01501, 0.0, 2.0, 0.0, 0.385, 6.511, 2.9, 9.0892, 1.0, 243.0, 12.6, 394.0, 12.93]",0,False,False,0,0.152,0.9702970297029704,rf,0.22771918697697402,0.5369365165654101
boston,0,42,4,56,3,"[0.01501, 90.0, 1.21, 1.0, 0.401, 7.923, 24.8, 5.885, 1.0, 198.0, 13.6, 395.52, 3.16]",1,1,"[0.01501, 80.0, 5.6, 1.0, 0.385, 6.635, 2.9, 1.1296, 1.0, 187.0, 16.8, 0.3, 8.43]",0,False,False,0,0.187,0.9702970297029704,rf,0.17961946923229608,0.4744251192315327
boston,0,42,4,56,4,"[0.01501, 90.0, 1.21, 1.0, 0.401, 7.923, 24.8, 5.885, 1.0, 198.0, 13.6, 395.52, 3.16]",1,1,"[0.01501, 80.0, 2.0, 0.0, 0.385, 6.23, 29.7, 8.344, 1.0, 187.0, 12.6, 341.6, 1.73]",0,False,False,0,0.161,0.9702970297029704,rf,0.14118908410334138,0.49367146512859383
boston,0,42,4,59,0,"[0.1, 34.0, 6.09, 0.0, 0.433, 6.982, 17.7, 5.4917, 7.0, 329.0, 16.1, 390.43, 4.86]",1,1,"[0.03537, 34.0, 6.1, 0.0, 0.433, 6.59, 40.4, 5.4917, 7.0, 329.0, 16.1, 395.8, 9.5]",0,False,False,0,0.156,0.9702970297029704,rf,0.03184704964376284,0.2466927555911122
boston,0,42,4,59,1,"[0.1, 34.0, 6.09, 0.0, 0.433, 6.982, 17.7, 5.4917, 7.0, 329.0, 16.1, 390.43, 4.86]",1,1,"[0.03537, 34.0, 6.1, 0.0, 0.433, 6.59, 40.4, 5.4917, 7.0, 329.0, 16.1, 395.8, 9.5]",0,False,False,0,0.147,0.9702970297029704,rf,0.03184704964376284,0.2466927555911122
boston,0,42,4,59,2,"[0.1, 34.0, 6.09, 0.0, 0.433, 6.982, 17.7, 5.4917, 7.0, 329.0, 16.1, 390.43, 4.86]",1,1,"[0.03537, 34.0, 6.1, 0.0, 0.433, 6.59, 40.4, 5.4917, 7.0, 329.0, 16.1, 395.8, 9.5]",0,False,False,0,0.145,0.9702970297029704,rf,0.03184704964376284,0.2466927555911122
boston,0,42,4,59,3,"[0.1, 34.0, 6.09, 0.0, 0.433, 6.982, 17.7, 5.4917, 7.0, 329.0, 16.1, 390.43, 4.86]",1,1,"[0.03537, 34.0, 6.1, 0.0, 0.433, 6.59, 40.4, 5.4917, 7.0, 329.0, 16.1, 395.8, 9.5]",0,False,False,0,0.145,0.9702970297029704,rf,0.03184704964376284,0.2466927555911122
boston,0,42,4,59,4,"[0.1, 34.0, 6.09, 0.0, 0.433, 6.982, 17.7, 5.4917, 7.0, 329.0, 16.1, 390.43, 4.86]",1,1,"[0.03537, 34.0, 6.1, 0.0, 0.433, 6.59, 40.4, 5.4917, 7.0, 329.0, 16.1, 395.8, 9.5]",0,False,False,0,0.146,0.9702970297029704,rf,0.03184704964376284,0.2466927555911122
boston,0,42,4,60,0,"[0.04932, 33.0, 2.18, 0.0, 0.472, 6.849, 70.3, 3.1827, 7.0, 222.0, 18.4, 396.9, 7.53]",1,1,"[0.02731, 0.0, 7.1, 0.0, 0.469, 6.421, 78.9, 4.9671, 2.0, 242.0, 17.8, 396.9, 9.14]",0,False,False,0,0.193,0.9702970297029704,rf,0.08402042859162737,0.4650871373727368
boston,0,42,4,60,1,"[0.04932, 33.0, 2.18, 0.0, 0.472, 6.849, 70.3, 3.1827, 7.0, 222.0, 18.4, 396.9, 7.53]",1,1,"[0.08873, 21.0, 5.6, 0.0, 0.469, 6.421, 2.9, 6.8147, 4.0, 242.0, 17.8, 396.9, 1.73]",0,False,False,0,0.161,0.9702970297029704,rf,0.12156458746485348,0.48385921680934985
boston,0,42,4,60,2,"[0.04932, 33.0, 2.18, 0.0, 0.472, 6.849, 70.3, 3.1827, 7.0, 222.0, 18.4, 396.9, 7.53]",1,1,"[0.02731, 0.0, 7.1, 0.0, 0.469, 6.421, 78.9, 4.9671, 2.0, 242.0, 17.8, 396.9, 9.14]",0,False,False,0,0.158,0.9702970297029704,rf,0.08402042859162737,0.4650871373727368
boston,0,42,4,60,3,"[0.04932, 33.0, 2.18, 0.0, 0.472, 6.849, 70.3, 3.1827, 7.0, 222.0, 18.4, 396.9, 7.53]",1,1,"[0.02731, 0.0, 7.1, 0.0, 0.469, 6.421, 78.9, 4.9671, 2.0, 242.0, 17.8, 396.9, 9.14]",0,False,False,0,0.16,0.9702970297029704,rf,0.08402042859162737,0.4650871373727368
boston,0,42,4,60,4,"[0.04932, 33.0, 2.18, 0.0, 0.472, 6.849, 70.3, 3.1827, 7.0, 222.0, 18.4, 396.9, 7.53]",1,1,"[0.02731, 0.0, 7.1, 0.0, 0.469, 6.421, 78.9, 4.9671, 2.0, 242.0, 17.8, 396.9, 9.14]",0,False,False,0,0.154,0.9702970297029704,rf,0.08402042859162737,0.4650871373727368
boston,0,42,4,70,0,"[0.02543, 55.0, 3.78, 0.0, 0.484, 6.696, 56.4, 5.7321, 5.0, 370.0, 17.6, 396.9, 7.18]",1,0,"[0.06211, 40.0, 1.2, 0.0, 0.429, 6.49, 44.4, 8.7921, 1.0, 335.0, 19.7, 396.9, 5.98]",0,False,False,0,0.184,0.9702970297029704,rf,0.08251539377042548,0.4643346199621359
boston,0,42,4,70,1,"[0.02543, 55.0, 3.78, 0.0, 0.484, 6.696, 56.4, 5.7321, 5.0, 370.0, 17.6, 396.9, 7.18]",1,0,"[0.06211, 40.0, 1.2, 0.0, 0.429, 6.49, 44.4, 8.7921, 1.0, 335.0, 19.7, 396.9, 5.98]",0,False,False,0,0.145,0.9702970297029704,rf,0.08251539377042548,0.4643346199621359
boston,0,42,4,70,2,"[0.02543, 55.0, 3.78, 0.0, 0.484, 6.696, 56.4, 5.7321, 5.0, 370.0, 17.6, 396.9, 7.18]",1,0,"[0.06211, 40.0, 1.2, 0.0, 0.429, 6.49, 44.4, 8.7921, 1.0, 335.0, 19.7, 396.9, 5.98]",0,False,False,0,0.142,0.9702970297029704,rf,0.08251539377042548,0.4643346199621359
boston,0,42,4,70,3,"[0.02543, 55.0, 3.78, 0.0, 0.484, 6.696, 56.4, 5.7321, 5.0, 370.0, 17.6, 396.9, 7.18]",1,0,"[0.06211, 40.0, 1.2, 0.0, 0.429, 6.49, 44.4, 8.7921, 1.0, 335.0, 19.7, 396.9, 5.98]",0,False,False,0,0.143,0.9702970297029704,rf,0.08251539377042548,0.4643346199621359
boston,0,42,4,70,4,"[0.02543, 55.0, 3.78, 0.0, 0.484, 6.696, 56.4, 5.7321, 5.0, 370.0, 17.6, 396.9, 7.18]",1,0,"[0.06211, 40.0, 1.2, 0.0, 0.429, 6.49, 44.4, 8.7921, 1.0, 335.0, 19.7, 396.9, 5.98]",0,False,False,0,0.144,0.9702970297029704,rf,0.08251539377042548,0.4643346199621359
boston,0,42,4,71,0,"[0.03049, 55.0, 3.78, 0.0, 0.484, 6.874, 28.1, 6.4654, 5.0, 370.0, 17.6, 387.97, 4.61]",1,1,"[0.04417, 70.0, 2.2, 0.0, 0.4, 6.871, 47.4, 7.8278, 5.0, 358.0, 14.8, 390.9, 6.07]",0,False,False,0,0.184,0.9702970297029704,rf,0.0664588434946637,0.456306344824255
boston,0,42,4,71,1,"[0.03049, 55.0, 3.78, 0.0, 0.484, 6.874, 28.1, 6.4654, 5.0, 370.0, 17.6, 387.97, 4.61]",1,1,"[0.04417, 70.0, 2.2, 0.0, 0.4, 6.871, 47.4, 7.8278, 5.0, 358.0, 14.8, 390.9, 6.07]",0,False,False,0,0.144,0.9702970297029704,rf,0.0664588434946637,0.456306344824255
boston,0,42,4,71,2,"[0.03049, 55.0, 3.78, 0.0, 0.484, 6.874, 28.1, 6.4654, 5.0, 370.0, 17.6, 387.97, 4.61]",1,1,"[0.04417, 70.0, 2.2, 0.0, 0.4, 6.871, 47.4, 7.8278, 5.0, 358.0, 14.8, 390.9, 6.07]",0,False,False,0,0.143,0.9702970297029704,rf,0.0664588434946637,0.456306344824255
boston,0,42,4,71,3,"[0.03049, 55.0, 3.78, 0.0, 0.484, 6.874, 28.1, 6.4654, 5.0, 370.0, 17.6, 387.97, 4.61]",1,1,"[0.04417, 70.0, 2.2, 0.0, 0.4, 6.871, 47.4, 7.8278, 5.0, 358.0, 14.8, 390.9, 6.07]",0,False,False,0,0.157,0.9702970297029704,rf,0.0664588434946637,0.456306344824255
boston,0,42,4,71,4,"[0.03049, 55.0, 3.78, 0.0, 0.484, 6.874, 28.1, 6.4654, 5.0, 370.0, 17.6, 387.97, 4.61]",1,1,"[0.04417, 70.0, 2.2, 0.0, 0.4, 6.871, 47.4, 7.8278, 5.0, 358.0, 14.8, 390.9, 6.07]",0,False,False,0,0.145,0.9702970297029704,rf,0.0664588434946637,0.456306344824255
boston,0,42,4,73,0,"[8.26725, 0.0, 18.1, 1.0, 0.668, 5.875, 89.6, 1.1296, 24.0, 666.0, 20.2, 347.88, 8.88]",1,1,"[9.91655, 0.0, 18.1, 0.0, 0.693, 5.852, 77.8, 1.5004, 24.0, 666.0, 20.2, 338.2, 29.97]",0,False,False,0,0.165,0.9702970297029704,rf,0.13584862258014815,0.3756166189823818
boston,0,42,4,73,1,"[8.26725, 0.0, 18.1, 1.0, 0.668, 5.875, 89.6, 1.1296, 24.0, 666.0, 20.2, 347.88, 8.88]",1,1,"[4.42228, 0.0, 18.1, 1.0, 0.718, 6.003, 94.5, 2.5403, 24.0, 666.0, 20.2, 354.5, 21.32]",0,False,False,0,0.153,0.9702970297029704,rf,0.04682248350579571,0.29264201098366716
boston,0,42,4,73,2,"[8.26725, 0.0, 18.1, 1.0, 0.668, 5.875, 89.6, 1.1296, 24.0, 666.0, 20.2, 347.88, 8.88]",1,1,"[0.00632, 0.0, 18.1, 1.0, 0.718, 6.251, 82.9, 1.1296, 24.0, 666.0, 20.2, 0.3, 14.19]",0,False,False,0,0.164,0.9702970297029704,rf,0.09803915880932253,0.27978881017389207
boston,0,42,4,73,3,"[8.26725, 0.0, 18.1, 1.0, 0.668, 5.875, 89.6, 1.1296, 24.0, 666.0, 20.2, 347.88, 8.88]",1,1,"[9.91655, 0.0, 18.1, 0.0, 0.693, 5.852, 77.8, 1.5004, 24.0, 666.0, 20.2, 338.2, 29.97]",0,False,False,0,0.172,0.9702970297029704,rf,0.13584862258014815,0.3756166189823818
boston,0,42,4,73,4,"[8.26725, 0.0, 18.1, 1.0, 0.668, 5.875, 89.6, 1.1296, 24.0, 666.0, 20.2, 347.88, 8.88]",1,1,"[9.91655, 0.0, 18.1, 0.0, 0.693, 5.852, 77.8, 1.5004, 24.0, 666.0, 20.2, 338.2, 29.97]",0,False,False,0,0.148,0.9702970297029704,rf,0.13584862258014815,0.3756166189823818
