dataset,desired_class,overall_seed,fold_idx,test_sample_idx,rep_idx,x,pred_class_x,true_class_x,z,pred_class_z,check_plausibility,opt_C_robust,opt_K_robust,run_time,blackbox,blackbox_test_acc,gower_dist,loss
credit,1,42,4,40,0,"[1, 47, 2, 0, 10722, 1, 2, 1, 1, 0, 1, 1, 35, 2, 2, 1, 2, 2, 1, 1]",0,1,"[1.0, 37.180002546554086, 2.0, 0.0, 10722.0, 1.0, 2.0, 1.0, 1.0, 0.0, 1.0, 1.0, 35.0, 2.0, 2.0, 1.0, 2.0, 2.0, 1.0, 1.0]",1,True,False,16,39.039,nn,0.745,0.006819442676004108,0.028409721338002056
credit,1,42,4,40,1,"[1, 47, 2, 0, 10722, 1, 2, 1, 1, 0, 1, 1, 35, 2, 2, 1, 2, 2, 1, 1]",0,1,"[1.0, 38.337945458066216, 2.0, 0.0, 10722.0, 1.0, 2.0, 1.0, 1.0, 0.0, 1.0, 1.0, 35.0, 2.0, 2.0, 1.0, 2.0, 2.0, 1.0, 1.0]",1,True,False,16,39.042,nn,0.745,0.006015315654120684,0.028007657827060342
credit,1,42,4,40,2,"[1, 47, 2, 0, 10722, 1, 2, 1, 1, 0, 1, 1, 35, 2, 2, 1, 2, 2, 1, 1]",0,1,"[1.0, 38.24112434130878, 2.0, 0.0, 10722.0, 1.0, 2.0, 1.0, 1.0, 0.0, 1.0, 1.0, 35.0, 2.0, 2.0, 1.0, 2.0, 2.0, 1.0, 1.0]",1,True,False,16,37.99,nn,0.745,0.00608255254075779,0.028041276270378897
credit,1,42,4,40,3,"[1, 47, 2, 0, 10722, 1, 2, 1, 1, 0, 1, 1, 35, 2, 2, 1, 2, 2, 1, 1]",0,1,"[1.0, 38.409575799122166, 2.0, 0.0, 10722.0, 1.0, 2.0, 1.0, 1.0, 0.0, 1.0, 1.0, 35.0, 2.0, 2.0, 1.0, 2.0, 2.0, 1.0, 1.0]",1,True,False,16,37.863,nn,0.745,0.005965572361720718,0.02798278618086036
credit,1,42,4,40,4,"[1, 47, 2, 0, 10722, 1, 2, 1, 1, 0, 1, 1, 35, 2, 2, 1, 2, 2, 1, 1]",0,1,"[1.0, 38.20256374653282, 2.0, 0.0, 10722.0, 1.0, 2.0, 1.0, 1.0, 0.0, 1.0, 1.0, 35.0, 2.0, 2.0, 1.0, 2.0, 2.0, 1.0, 1.0]",1,True,False,16,37.823,nn,0.745,0.006109330731574433,0.02805466536578722
credit,1,42,4,53,0,"[1, 24, 2, 3, 3660, 1, 3, 2, 1, 0, 4, 3, 28, 2, 2, 1, 3, 2, 0, 1]",0,1,"[1.0, 11.319565591470115, 2.0, 3.0, 3660.0, 1.0, 3.0, 2.0, 1.0, 0.0, 4.0, 3.0, 28.0, 2.0, 2.0, 1.0, 3.0, 2.0, 0.0, 1.0]",1,True,False,16,40.225,nn,0.745,0.008805857228145754,0.029402928614072878
credit,1,42,4,53,1,"[1, 24, 2, 3, 3660, 1, 3, 2, 1, 0, 4, 3, 28, 2, 2, 1, 3, 2, 0, 1]",0,1,"[2.259960370498863, 24.0, 2.0, 3.0, 3660.0, 1.0, 3.0, 2.0, 1.0, 0.0, 4.0, 3.0, 28.0, 2.0, 2.0, 1.0, 3.0, 2.0, 0.0, 1.0]",1,True,False,16,38.94,nn,0.745,0.020999339508314386,0.03549966975415719
credit,1,42,4,53,2,"[1, 24, 2, 3, 3660, 1, 3, 2, 1, 0, 4, 3, 28, 2, 2, 1, 3, 2, 0, 1]",0,1,"[1.0, 11.105484524261637, 2.0, 3.0, 3660.0, 1.0, 3.0, 2.0, 1.0, 0.0, 4.0, 3.0, 28.0, 2.0, 2.0, 1.0, 3.0, 2.0, 0.0, 1.0]",1,True,False,16,38.055,nn,0.745,0.008954524635929419,0.02947726231796471
credit,1,42,4,53,3,"[1, 24, 2, 3, 3660, 1, 3, 2, 1, 0, 4, 3, 28, 2, 2, 1, 3, 2, 0, 1]",0,1,"[2.3525027867014296, 24.0, 2.0, 3.0, 3660.0, 1.0, 3.0, 2.0, 1.0, 0.0, 4.0, 3.0, 28.0, 2.0, 2.0, 1.0, 3.0, 2.0, 0.0, 1.0]",1,True,False,16,37.991,nn,0.745,0.022541713111690495,0.03627085655584525
credit,1,42,4,53,4,"[1, 24, 2, 3, 3660, 1, 3, 2, 1, 0, 4, 3, 28, 2, 2, 1, 3, 2, 0, 1]",0,1,"[2.302131597626818, 24.0, 2.0, 3.0, 3660.0, 1.0, 3.0, 2.0, 1.0, 0.0, 4.0, 3.0, 28.0, 2.0, 2.0, 1.0, 3.0, 2.0, 0.0, 1.0]",1,True,False,16,37.815,nn,0.745,0.0217021932937803,0.03585109664689015
credit,1,42,4,55,0,"[1, 21, 2, 3, 3357, 4, 2, 4, 1, 0, 2, 3, 29, 0, 2, 1, 3, 2, 0, 1]",0,1,"[2.5739218751852837, 21.0, 2.0, 3.0, 3357.0, 4.0, 2.0, 4.0, 1.0, 0.0, 2.0, 3.0, 29.0, 0.0, 2.0, 1.0, 3.0, 2.0, 0.0, 1.0]",1,True,False,16,40.103,nn,0.745,0.026232031253088064,0.038116015626544035
credit,1,42,4,55,1,"[1, 21, 2, 3, 3357, 4, 2, 4, 1, 0, 2, 3, 29, 0, 2, 1, 3, 2, 0, 1]",0,1,"[2.547980051113792, 21.0, 2.0, 3.0, 3357.0, 4.0, 2.0, 4.0, 1.0, 0.0, 2.0, 3.0, 29.0, 0.0, 2.0, 1.0, 3.0, 2.0, 0.0, 1.0]",1,True,False,16,38.772,nn,0.745,0.025799667518563205,0.037899833759281604
credit,1,42,4,55,2,"[1, 21, 2, 3, 3357, 4, 2, 4, 1, 0, 2, 3, 29, 0, 2, 1, 3, 2, 0, 1]",0,1,"[2.530283886284136, 21.0, 2.0, 3.0, 3357.0, 4.0, 2.0, 4.0, 1.0, 0.0, 2.0, 3.0, 29.0, 0.0, 2.0, 1.0, 3.0, 2.0, 0.0, 1.0]",1,True,False,16,38.025,nn,0.745,0.025504731438068935,0.03775236571903447
credit,1,42,4,55,3,"[1, 21, 2, 3, 3357, 4, 2, 4, 1, 0, 2, 3, 29, 0, 2, 1, 3, 2, 0, 1]",0,1,"[2.534421056245656, 21.0, 2.0, 3.0, 3357.0, 4.0, 2.0, 4.0, 1.0, 0.0, 2.0, 3.0, 29.0, 0.0, 2.0, 1.0, 3.0, 2.0, 0.0, 1.0]",1,True,False,16,38.013,nn,0.745,0.02557368427076094,0.03778684213538047
credit,1,42,4,55,4,"[1, 21, 2, 3, 3357, 4, 2, 4, 1, 0, 2, 3, 29, 0, 2, 1, 3, 2, 0, 1]",0,1,"[2.477934695583043, 21.0, 2.0, 3.0, 3357.0, 4.0, 2.0, 4.0, 1.0, 0.0, 2.0, 3.0, 29.0, 0.0, 2.0, 1.0, 3.0, 2.0, 0.0, 1.0]",1,True,False,16,38.103,nn,0.745,0.02463224492638405,0.03731612246319203
credit,1,42,4,65,0,"[1, 24, 2, 2, 1747, 1, 2, 4, 2, 1, 1, 2, 24, 2, 2, 1, 2, 2, 0, 0]",0,1,"[2.213987181063074, 24.0, 2.0, 2.0, 1747.0, 1.0, 2.0, 4.0, 2.0, 1.0, 1.0, 2.0, 24.0, 2.0, 2.0, 1.0, 2.0, 2.0, 0.0, 0.0]",1,True,False,16,39.172,nn,0.745,0.020233119684384564,0.03511655984219228
credit,1,42,4,65,1,"[1, 24, 2, 2, 1747, 1, 2, 4, 2, 1, 1, 2, 24, 2, 2, 1, 2, 2, 0, 0]",0,1,"[1.0, 12.740562164194893, 2.0, 2.0, 1747.0, 1.0, 2.0, 4.0, 2.0, 1.0, 1.0, 2.0, 24.0, 2.0, 2.0, 1.0, 2.0, 2.0, 0.0, 0.0]",1,True,False,16,39.452,nn,0.745,0.007819054052642436,0.02890952702632122
credit,1,42,4,65,2,"[1, 24, 2, 2, 1747, 1, 2, 4, 2, 1, 1, 2, 24, 2, 2, 1, 2, 2, 0, 0]",0,1,"[1.0, 12.848961608491045, 2.0, 2.0, 1747.0, 1.0, 2.0, 4.0, 2.0, 1.0, 1.0, 2.0, 24.0, 2.0, 2.0, 1.0, 2.0, 2.0, 0.0, 0.0]",1,True,False,16,38.028,nn,0.745,0.007743776660770108,0.028871888330385054
credit,1,42,4,65,3,"[1, 24, 2, 2, 1747, 1, 2, 4, 2, 1, 1, 2, 24, 2, 2, 1, 2, 2, 0, 0]",0,1,"[1.0, 13.289703288378094, 2.0, 2.0, 1747.0, 1.0, 2.0, 4.0, 2.0, 1.0, 1.0, 2.0, 24.0, 2.0, 2.0, 1.0, 2.0, 2.0, 0.0, 0.0]",1,True,False,16,37.97,nn,0.745,0.007437706049737435,0.02871885302486872
credit,1,42,4,65,4,"[1, 24, 2, 2, 1747, 1, 2, 4, 2, 1, 1, 2, 24, 2, 2, 1, 2, 2, 0, 0]",0,1,"[2.2577932684166764, 24.0, 2.0, 2.0, 1747.0, 1.0, 2.0, 4.0, 2.0, 1.0, 1.0, 2.0, 24.0, 2.0, 2.0, 1.0, 2.0, 2.0, 0.0, 0.0]",1,True,False,16,38.006,nn,0.745,0.020963221140277943,0.035481610570138974
credit,1,42,4,67,0,"[1, 15, 2, 0, 1403, 1, 3, 2, 1, 0, 4, 3, 28, 2, 1, 1, 3, 2, 0, 1]",0,1,"[2.471784348201053, 15.0, 2.0, 0.0, 1403.0, 1.0, 3.0, 2.0, 1.0, 0.0, 4.0, 3.0, 28.0, 2.0, 1.0, 1.0, 3.0, 2.0, 0.0, 1.0]",1,True,False,16,39.298,nn,0.745,0.024529739136684214,0.03726486956834211
credit,1,42,4,67,1,"[1, 15, 2, 0, 1403, 1, 3, 2, 1, 0, 4, 3, 28, 2, 1, 1, 3, 2, 0, 1]",0,1,"[2.4528482083924064, 15.0, 2.0, 0.0, 1403.0, 1.0, 3.0, 2.0, 1.0, 0.0, 4.0, 3.0, 28.0, 2.0, 1.0, 1.0, 3.0, 2.0, 0.0, 1.0]",1,True,False,16,38.615,nn,0.745,0.02421413680654011,0.037107068403270056
credit,1,42,4,67,2,"[1, 15, 2, 0, 1403, 1, 3, 2, 1, 0, 4, 3, 28, 2, 1, 1, 3, 2, 0, 1]",0,1,"[2.457166644361196, 15.0, 2.0, 0.0, 1403.0, 1.0, 3.0, 2.0, 1.0, 0.0, 4.0, 3.0, 28.0, 2.0, 1.0, 1.0, 3.0, 2.0, 0.0, 1.0]",1,True,False,16,37.849,nn,0.745,0.024286110739353266,0.03714305536967663
credit,1,42,4,67,3,"[1, 15, 2, 0, 1403, 1, 3, 2, 1, 0, 4, 3, 28, 2, 1, 1, 3, 2, 0, 1]",0,1,"[2.482352025625051, 15.0, 2.0, 0.0, 1403.0, 1.0, 3.0, 2.0, 1.0, 0.0, 4.0, 3.0, 28.0, 2.0, 1.0, 1.0, 3.0, 2.0, 0.0, 1.0]",1,True,False,16,37.862,nn,0.745,0.024705867093750854,0.037352933546875425
credit,1,42,4,67,4,"[1, 15, 2, 0, 1403, 1, 3, 2, 1, 0, 4, 3, 28, 2, 1, 1, 3, 2, 0, 1]",0,1,"[2.498845643411737, 15.0, 2.0, 0.0, 1403.0, 1.0, 3.0, 2.0, 1.0, 0.0, 4.0, 3.0, 28.0, 2.0, 1.0, 1.0, 3.0, 2.0, 0.0, 1.0]",1,True,False,16,37.84,nn,0.745,0.02498076072352895,0.037490380361764476
credit,1,42,4,82,0,"[2, 39, 3, 6, 11760, 2, 4, 2, 2, 0, 3, 4, 32, 2, 1, 1, 3, 2, 1, 1]",0,1,"[2.0, 19.600350058143302, 3.0, 6.0, 11760.0, 2.0, 4.0, 2.0, 2.0, 0.0, 3.0, 4.0, 32.0, 2.0, 1.0, 1.0, 3.0, 2.0, 1.0, 1.0]",1,True,False,16,40.096,nn,0.745,0.013471979126289375,0.03173598956314469
credit,1,42,4,82,1,"[2, 39, 3, 6, 11760, 2, 4, 2, 2, 0, 3, 4, 32, 2, 1, 1, 3, 2, 1, 1]",0,1,"[1.997527388060781, 27.388335637300553, 3.0, 6.0, 11760.0, 2.0, 4.0, 2.0, 2.0, 0.0, 3.0, 4.0, 32.0, 2.0, 1.0, 1.0, 3.0, 2.0, 1.0, 1.0]",1,True,False,16,38.807,nn,0.745,0.008104866006417157,0.05405243300320858
credit,1,42,4,82,2,"[2, 39, 3, 6, 11760, 2, 4, 2, 2, 0, 3, 4, 32, 2, 1, 1, 3, 2, 1, 1]",0,1,"[2.0256684904372575, 28.111249575736398, 3.0, 6.0, 11760.0, 2.0, 4.0, 2.0, 2.0, 0.0, 3.0, 4.0, 32.0, 2.0, 1.0, 1.0, 3.0, 2.0, 1.0, 1.0]",1,True,False,16,38.113,nn,0.745,0.007989440413026237,0.05399472020651312
credit,1,42,4,82,3,"[2, 39, 3, 6, 11760, 2, 4, 2, 2, 0, 3, 4, 32, 2, 1, 1, 3, 2, 1, 1]",0,1,"[2.0, 18.244840606529518, 3.0, 6.0, 11760.0, 2.0, 4.0, 2.0, 2.0, 0.0, 3.0, 4.0, 32.0, 2.0, 1.0, 1.0, 3.0, 2.0, 1.0, 1.0]",1,True,False,16,38.1,nn,0.745,0.014413305134354501,0.03220665256717725
credit,1,42,4,82,4,"[2, 39, 3, 6, 11760, 2, 4, 2, 2, 0, 3, 4, 32, 2, 1, 1, 3, 2, 1, 1]",0,1,"[2.0, 17.976409095957408, 3.0, 6.0, 11760.0, 2.0, 4.0, 2.0, 2.0, 0.0, 3.0, 4.0, 32.0, 2.0, 1.0, 1.0, 3.0, 2.0, 1.0, 1.0]",1,True,False,16,38.2,nn,0.745,0.014599715905585134,0.03229985795279257
credit,1,42,4,88,0,"[2, 20, 3, 9, 2629, 1, 3, 2, 2, 0, 3, 3, 29, 0, 2, 2, 3, 2, 1, 1]",0,1,"[2.44210271419648, 20.0, 3.0, 9.0, 2629.0, 1.0, 3.0, 2.0, 2.0, 0.0, 3.0, 3.0, 29.0, 0.0, 2.0, 2.0, 3.0, 2.0, 1.0, 1.0]",1,True,False,16,39.418,nn,0.745,0.007368378569941332,0.028684189284970667
credit,1,42,4,88,1,"[2, 20, 3, 9, 2629, 1, 3, 2, 2, 0, 3, 3, 29, 0, 2, 2, 3, 2, 1, 1]",0,1,"[2.5068393335067656, 20.0, 3.0, 9.0, 2629.0, 1.0, 3.0, 2.0, 2.0, 0.0, 3.0, 3.0, 29.0, 0.0, 2.0, 2.0, 3.0, 2.0, 1.0, 1.0]",1,True,False,16,39.266,nn,0.745,0.00844732222511276,0.029223661112556382
credit,1,42,4,88,2,"[2, 20, 3, 9, 2629, 1, 3, 2, 2, 0, 3, 3, 29, 0, 2, 2, 3, 2, 1, 1]",0,1,"[2.4676195056360046, 20.0, 3.0, 9.0, 2629.0, 1.0, 3.0, 2.0, 2.0, 0.0, 3.0, 3.0, 29.0, 0.0, 2.0, 2.0, 3.0, 2.0, 1.0, 1.0]",1,True,False,16,38.025,nn,0.745,0.007793658427266744,0.028896829213633374
credit,1,42,4,88,3,"[2, 20, 3, 9, 2629, 1, 3, 2, 2, 0, 3, 3, 29, 0, 2, 2, 3, 2, 1, 1]",0,1,"[2.5004178981623904, 20.0, 3.0, 9.0, 2629.0, 1.0, 3.0, 2.0, 2.0, 0.0, 3.0, 3.0, 29.0, 0.0, 2.0, 2.0, 3.0, 2.0, 1.0, 1.0]",1,True,False,16,38.038,nn,0.745,0.008340298302706507,0.029170149151353256
credit,1,42,4,88,4,"[2, 20, 3, 9, 2629, 1, 3, 2, 2, 0, 3, 3, 29, 0, 2, 2, 3, 2, 1, 1]",0,1,"[2.5260875124445823, 20.0, 3.0, 9.0, 2629.0, 1.0, 3.0, 2.0, 2.0, 0.0, 3.0, 3.0, 29.0, 0.0, 2.0, 2.0, 3.0, 2.0, 1.0, 1.0]",1,True,False,16,38.064,nn,0.745,0.008768125207409706,0.029384062603704852
credit,1,42,4,107,0,"[1, 36, 2, 2, 3446, 1, 5, 4, 2, 0, 2, 3, 42, 2, 2, 1, 3, 1, 0, 1]",0,0,"[1.9417920297281264, 29.24513206559837, 2.0, 2.0, 3446.0, 1.0, 5.0, 4.0, 2.0, 0.0, 2.0, 3.0, 42.0, 2.0, 2.0, 1.0, 3.0, 1.0, 0.0, 1.0]",1,True,False,16,40.435,nn,0.745,0.020387414338803242,0.060193707169401624
credit,1,42,4,107,1,"[1, 36, 2, 2, 3446, 1, 5, 4, 2, 0, 2, 3, 42, 2, 2, 1, 3, 1, 0, 1]",0,0,"[1.8650327864607859, 27.854515334216234, 2.0, 2.0, 3446.0, 1.0, 5.0, 4.0, 2.0, 0.0, 2.0, 3.0, 42.0, 2.0, 2.0, 1.0, 3.0, 1.0, 0.0, 1.0]",1,True,False,16,38.527,nn,0.745,0.020073799681140713,0.06003689984057036
credit,1,42,4,107,2,"[1, 36, 2, 2, 3446, 1, 5, 4, 2, 0, 2, 3, 42, 2, 2, 1, 3, 1, 0, 1]",0,0,"[2.680597119327817, 36.0, 2.0, 2.0, 3446.0, 1.0, 5.0, 4.0, 2.0, 0.0, 2.0, 3.0, 42.0, 2.0, 2.0, 1.0, 3.0, 1.0, 0.0, 1.0]",1,True,False,16,38.128,nn,0.745,0.028009951988796952,0.03900497599439848
credit,1,42,4,107,3,"[1, 36, 2, 2, 3446, 1, 5, 4, 2, 0, 2, 3, 42, 2, 2, 1, 3, 1, 0, 1]",0,0,"[2.7934677781977584, 36.0, 2.0, 2.0, 3446.0, 1.0, 5.0, 4.0, 2.0, 0.0, 2.0, 3.0, 42.0, 2.0, 2.0, 1.0, 3.0, 1.0, 0.0, 1.0]",1,True,False,16,38.168,nn,0.745,0.029891129636629307,0.039945564818314655
credit,1,42,4,107,4,"[1, 36, 2, 2, 3446, 1, 5, 4, 2, 0, 2, 3, 42, 2, 2, 1, 3, 1, 0, 1]",0,0,"[2.2879908690799935, 34.76519846657108, 2.0, 2.0, 3446.0, 1.0, 5.0, 4.0, 2.0, 0.0, 2.0, 3.0, 42.0, 2.0, 2.0, 1.0, 3.0, 1.0, 0.0, 1.0]",1,True,False,16,38.173,nn,0.745,0.022324015549547754,0.06116200777477388
credit,1,42,4,114,0,"[1, 36, 4, 2, 6229, 1, 2, 4, 1, 1, 4, 4, 23, 2, 1, 2, 2, 2, 1, 1]",0,0,"[1.8482012011581417, 3.0, 4.0, 2.0, 6229.0, 1.0, 2.0, 4.0, 1.0, 1.0, 4.0, 4.0, 23.0, 2.0, 1.0, 2.0, 2.0, 2.0, 1.0, 1.0]",1,True,False,16,40.03,nn,0.745,0.037053353352635696,0.06852667667631784
credit,1,42,4,114,1,"[1, 36, 4, 2, 6229, 1, 2, 4, 1, 1, 4, 4, 23, 2, 1, 2, 2, 2, 1, 1]",0,0,"[1.8607902241766212, 3.0, 4.0, 2.0, 6229.0, 1.0, 2.0, 4.0, 1.0, 1.0, 4.0, 4.0, 23.0, 2.0, 1.0, 2.0, 2.0, 2.0, 1.0, 1.0]",1,True,False,16,38.779,nn,0.745,0.037263170402943684,0.06863158520147185
credit,1,42,4,114,2,"[1, 36, 4, 2, 6229, 1, 2, 4, 1, 1, 4, 4, 23, 2, 1, 2, 2, 2, 1, 1]",0,0,"[1.7361723333735029, 3.0, 4.0, 2.0, 6229.0, 1.0, 2.0, 4.0, 1.0, 1.0, 4.0, 4.0, 23.0, 2.0, 1.0, 2.0, 2.0, 2.0, 1.0, 1.0]",1,True,False,16,38.102,nn,0.745,0.03518620555622505,0.06759310277811253
credit,1,42,4,114,3,"[1, 36, 4, 2, 6229, 1, 2, 4, 1, 1, 4, 4, 23, 2, 1, 2, 2, 2, 1, 1]",0,0,"[1.7783788221368149, 3.0, 4.0, 2.0, 6229.0, 1.0, 2.0, 4.0, 1.0, 1.0, 4.0, 4.0, 23.0, 2.0, 1.0, 2.0, 2.0, 2.0, 1.0, 1.0]",1,True,False,16,38.07,nn,0.745,0.035889647035613585,0.0679448235178068
credit,1,42,4,114,4,"[1, 36, 4, 2, 6229, 1, 2, 4, 1, 1, 4, 4, 23, 2, 1, 2, 2, 2, 1, 1]",0,0,"[2.122638517458785, 5.998402808014876, 4.0, 2.0, 6229.0, 1.0, 2.0, 4.0, 1.0, 1.0, 4.0, 4.0, 23.0, 2.0, 1.0, 2.0, 2.0, 2.0, 1.0, 1.0]",1,True,False,16,38.061,nn,0.745,0.03954508445208053,0.06977254222604026
credit,1,42,4,115,0,"[1, 30, 0, 2, 4583, 1, 3, 2, 0, 2, 2, 1, 32, 2, 2, 2, 3, 2, 0, 1]",0,1,"[1.0, 13.891307210208122, 0.0, 2.0, 4583.0, 1.0, 3.0, 2.0, 0.0, 2.0, 2.0, 1.0, 32.0, 2.0, 2.0, 2.0, 3.0, 2.0, 0.0, 1.0]",1,True,False,16,39.946,nn,0.745,0.011186592215133248,0.030593296107566625
credit,1,42,4,115,1,"[1, 30, 0, 2, 4583, 1, 3, 2, 0, 2, 2, 1, 32, 2, 2, 2, 3, 2, 0, 1]",0,1,"[1.0, 12.77479701791761, 0.0, 2.0, 4583.0, 1.0, 3.0, 2.0, 0.0, 2.0, 2.0, 1.0, 32.0, 2.0, 2.0, 2.0, 3.0, 2.0, 0.0, 1.0]",1,True,False,16,38.72,nn,0.745,0.011961946515334993,0.030980973257667497
credit,1,42,4,115,2,"[1, 30, 0, 2, 4583, 1, 3, 2, 0, 2, 2, 1, 32, 2, 2, 2, 3, 2, 0, 1]",0,1,"[2.7653917686198715, 30.0, 0.0, 2.0, 4583.0, 1.0, 3.0, 2.0, 0.0, 2.0, 2.0, 1.0, 32.0, 2.0, 2.0, 2.0, 3.0, 2.0, 0.0, 1.0]",1,True,False,16,38.109,nn,0.745,0.029423196143664527,0.03971159807183226
credit,1,42,4,115,3,"[1, 30, 0, 2, 4583, 1, 3, 2, 0, 2, 2, 1, 32, 2, 2, 2, 3, 2, 0, 1]",0,1,"[1.0, 14.017329062006596, 0.0, 2.0, 4583.0, 1.0, 3.0, 2.0, 0.0, 2.0, 2.0, 1.0, 32.0, 2.0, 2.0, 2.0, 3.0, 2.0, 0.0, 1.0]",1,True,False,16,38.16,nn,0.745,0.011099077040273199,0.0305495385201366
credit,1,42,4,115,4,"[1, 30, 0, 2, 4583, 1, 3, 2, 0, 2, 2, 1, 32, 2, 2, 2, 3, 2, 0, 1]",0,1,"[1.0, 13.159892767550193, 0.0, 2.0, 4583.0, 1.0, 3.0, 2.0, 0.0, 2.0, 2.0, 1.0, 32.0, 2.0, 2.0, 2.0, 3.0, 2.0, 0.0, 1.0]",1,True,False,16,38.111,nn,0.745,0.011694518911423478,0.03084725945571174
credit,1,42,4,116,0,"[1, 36, 4, 2, 5371, 1, 3, 3, 2, 2, 2, 2, 28, 2, 2, 2, 3, 2, 0, 1]",0,1,"[1.0, 32.90575322526679, 4.0, 2.0, 5371.0, 1.0, 3.0, 3.0, 2.0, 2.0, 2.0, 2.0, 28.0, 2.0, 2.0, 2.0, 3.0, 2.0, 0.0, 1.0]",1,True,False,16,39.559,nn,0.745,0.0021487824824536167,0.026074391241226808
credit,1,42,4,116,1,"[1, 36, 4, 2, 5371, 1, 3, 3, 2, 2, 2, 2, 28, 2, 2, 2, 3, 2, 0, 1]",0,1,"[1.0, 31.95718177481809, 4.0, 2.0, 5371.0, 1.0, 3.0, 3.0, 2.0, 2.0, 2.0, 2.0, 28.0, 2.0, 2.0, 2.0, 3.0, 2.0, 0.0, 1.0]",1,True,False,16,38.589,nn,0.745,0.0028075126563763273,0.026403756328188165
credit,1,42,4,116,2,"[1, 36, 4, 2, 5371, 1, 3, 3, 2, 2, 2, 2, 28, 2, 2, 2, 3, 2, 0, 1]",0,1,"[1.0, 32.84518487934347, 4.0, 2.0, 5371.0, 1.0, 3.0, 3.0, 2.0, 2.0, 2.0, 2.0, 28.0, 2.0, 2.0, 2.0, 3.0, 2.0, 0.0, 1.0]",1,True,False,16,38.15,nn,0.745,0.0021908438337892564,0.02609542191689463
credit,1,42,4,116,3,"[1, 36, 4, 2, 5371, 1, 3, 3, 2, 2, 2, 2, 28, 2, 2, 2, 3, 2, 0, 1]",0,1,"[1.0, 32.66689579188909, 4.0, 2.0, 5371.0, 1.0, 3.0, 3.0, 2.0, 2.0, 2.0, 2.0, 28.0, 2.0, 2.0, 2.0, 3.0, 2.0, 0.0, 1.0]",1,True,False,16,38.042,nn,0.745,0.002314655700077021,0.026157327850038513
credit,1,42,4,116,4,"[1, 36, 4, 2, 5371, 1, 3, 3, 2, 2, 2, 2, 28, 2, 2, 2, 3, 2, 0, 1]",0,1,"[1.0, 33.412233995135026, 4.0, 2.0, 5371.0, 1.0, 3.0, 3.0, 2.0, 2.0, 2.0, 2.0, 28.0, 2.0, 2.0, 2.0, 3.0, 2.0, 0.0, 1.0]",1,True,False,16,38.028,nn,0.745,0.0017970597256006767,0.025898529862800338
credit,1,42,4,117,0,"[1, 36, 2, 2, 2712, 1, 5, 2, 2, 0, 2, 2, 41, 0, 2, 1, 3, 1, 0, 1]",0,0,"[1.0, 30.6083854227074, 2.0, 2.0, 2712.0, 1.0, 5.0, 2.0, 2.0, 0.0, 2.0, 2.0, 41.0, 0.0, 2.0, 1.0, 3.0, 1.0, 0.0, 1.0]",1,True,False,16,39.909,nn,0.745,0.003744176789786528,0.026872088394893266
credit,1,42,4,117,1,"[1, 36, 2, 2, 2712, 1, 5, 2, 2, 0, 2, 2, 41, 0, 2, 1, 3, 1, 0, 1]",0,0,"[1.0, 31.943713376338735, 2.0, 2.0, 2712.0, 1.0, 5.0, 2.0, 2.0, 0.0, 2.0, 2.0, 41.0, 0.0, 2.0, 1.0, 3.0, 1.0, 0.0, 1.0]",1,True,False,16,38.807,nn,0.745,0.0028168657108758786,0.026408432855437942
credit,1,42,4,117,2,"[1, 36, 2, 2, 2712, 1, 5, 2, 2, 0, 2, 2, 41, 0, 2, 1, 3, 1, 0, 1]",0,0,"[1.0, 30.60897993408813, 2.0, 2.0, 2712.0, 1.0, 5.0, 2.0, 2.0, 0.0, 2.0, 2.0, 41.0, 0.0, 2.0, 1.0, 3.0, 1.0, 0.0, 1.0]",1,True,False,16,38.126,nn,0.745,0.0037437639346610215,0.02687188196733051
credit,1,42,4,117,3,"[1, 36, 2, 2, 2712, 1, 5, 2, 2, 0, 2, 2, 41, 0, 2, 1, 3, 1, 0, 1]",0,0,"[1.0, 30.619532798583606, 2.0, 2.0, 2712.0, 1.0, 5.0, 2.0, 2.0, 0.0, 2.0, 2.0, 41.0, 0.0, 2.0, 1.0, 3.0, 1.0, 0.0, 1.0]",1,True,False,16,38.151,nn,0.745,0.0037364355565391626,0.026868217778269584
credit,1,42,4,117,4,"[1, 36, 2, 2, 2712, 1, 5, 2, 2, 0, 2, 2, 41, 0, 2, 1, 3, 1, 0, 1]",0,0,"[1.0, 30.586788231151846, 2.0, 2.0, 2712.0, 1.0, 5.0, 2.0, 2.0, 0.0, 2.0, 2.0, 41.0, 0.0, 2.0, 1.0, 3.0, 1.0, 0.0, 1.0]",1,True,False,16,38.122,nn,0.745,0.0037591748394778845,0.026879587419738945
credit,1,42,4,119,0,"[1, 48, 2, 1, 4788, 1, 4, 4, 2, 0, 3, 2, 26, 2, 2, 1, 3, 1, 0, 1]",0,1,"[1.8659197571817128, 25.30701016478976, 2.0, 1.0, 4788.0, 1.0, 4.0, 4.0, 2.0, 0.0, 3.0, 2.0, 26.0, 2.0, 2.0, 1.0, 3.0, 1.0, 0.0, 1.0]",1,True,False,16,39.897,nn,0.745,0.030191016671924545,0.06509550833596228
credit,1,42,4,119,1,"[1, 48, 2, 1, 4788, 1, 4, 4, 2, 0, 3, 2, 26, 2, 2, 1, 3, 1, 0, 1]",0,1,"[1.0, 8.633542755654162, 2.0, 1.0, 4788.0, 1.0, 4.0, 4.0, 2.0, 0.0, 3.0, 2.0, 26.0, 2.0, 2.0, 1.0, 3.0, 1.0, 0.0, 1.0]",1,True,False,16,39.091,nn,0.745,0.027337817530795724,0.038668908765397865
credit,1,42,4,119,2,"[1, 48, 2, 1, 4788, 1, 4, 4, 2, 0, 3, 2, 26, 2, 2, 1, 3, 1, 0, 1]",0,1,"[1.0, 10.181722893590996, 2.0, 1.0, 4788.0, 1.0, 4.0, 4.0, 2.0, 0.0, 3.0, 2.0, 26.0, 2.0, 2.0, 1.0, 3.0, 1.0, 0.0, 1.0]",1,True,False,16,38.114,nn,0.745,0.026262692435006254,0.03813134621750313
credit,1,42,4,119,3,"[1, 48, 2, 1, 4788, 1, 4, 4, 2, 0, 3, 2, 26, 2, 2, 1, 3, 1, 0, 1]",0,1,"[1.0, 10.294108180372694, 2.0, 1.0, 4788.0, 1.0, 4.0, 4.0, 2.0, 0.0, 3.0, 2.0, 26.0, 2.0, 2.0, 1.0, 3.0, 1.0, 0.0, 1.0]",1,True,False,16,38.038,nn,0.745,0.026184647096963404,0.0380923235484817
credit,1,42,4,119,4,"[1, 48, 2, 1, 4788, 1, 4, 4, 2, 0, 3, 2, 26, 2, 2, 1, 3, 1, 0, 1]",0,1,"[1.7735252285840768, 22.72751761659835, 2.0, 1.0, 4788.0, 1.0, 4.0, 4.0, 2.0, 0.0, 3.0, 2.0, 26.0, 2.0, 2.0, 1.0, 3.0, 1.0, 0.0, 1.0]",1,True,False,16,38.041,nn,0.745,0.030442422131541316,0.06522121106577067
credit,1,42,4,122,0,"[1, 24, 2, 1, 6579, 1, 1, 4, 2, 0, 2, 4, 29, 2, 3, 1, 4, 2, 1, 1]",0,1,"[3.1257188724408933, 24.0, 2.0, 1.0, 6579.0, 1.0, 1.0, 4.0, 2.0, 0.0, 2.0, 4.0, 29.0, 2.0, 3.0, 1.0, 4.0, 2.0, 1.0, 1.0]",1,True,False,16,39.079,nn,0.745,0.03542864787401489,0.04271432393700744
credit,1,42,4,122,1,"[1, 24, 2, 1, 6579, 1, 1, 4, 2, 0, 2, 4, 29, 2, 3, 1, 4, 2, 1, 1]",0,1,"[3.1565836052708516, 24.0, 2.0, 1.0, 6579.0, 1.0, 1.0, 4.0, 2.0, 0.0, 2.0, 4.0, 29.0, 2.0, 3.0, 1.0, 4.0, 2.0, 1.0, 1.0]",1,True,False,16,38.552,nn,0.745,0.03594306008784753,0.04297153004392376
credit,1,42,4,122,2,"[1, 24, 2, 1, 6579, 1, 1, 4, 2, 0, 2, 4, 29, 2, 3, 1, 4, 2, 1, 1]",0,1,"[3.151744261588913, 24.0, 2.0, 1.0, 6579.0, 1.0, 1.0, 4.0, 2.0, 0.0, 2.0, 4.0, 29.0, 2.0, 3.0, 1.0, 4.0, 2.0, 1.0, 1.0]",1,True,False,16,38.138,nn,0.745,0.03586240435981522,0.04293120217990761
credit,1,42,4,122,3,"[1, 24, 2, 1, 6579, 1, 1, 4, 2, 0, 2, 4, 29, 2, 3, 1, 4, 2, 1, 1]",0,1,"[3.1155910161236617, 24.0, 2.0, 1.0, 6579.0, 1.0, 1.0, 4.0, 2.0, 0.0, 2.0, 4.0, 29.0, 2.0, 3.0, 1.0, 4.0, 2.0, 1.0, 1.0]",1,True,False,16,38.124,nn,0.745,0.035259850268727695,0.04262992513436385
credit,1,42,4,122,4,"[1, 24, 2, 1, 6579, 1, 1, 4, 2, 0, 2, 4, 29, 2, 3, 1, 4, 2, 1, 1]",0,1,"[3.169871029704363, 24.0, 2.0, 1.0, 6579.0, 1.0, 1.0, 4.0, 2.0, 0.0, 2.0, 4.0, 29.0, 2.0, 3.0, 1.0, 4.0, 2.0, 1.0, 1.0]",1,True,False,16,38.144,nn,0.745,0.036164517161739386,0.0430822585808697
credit,1,42,4,123,0,"[1, 18, 2, 0, 2249, 2, 4, 4, 2, 0, 3, 3, 30, 2, 2, 1, 4, 1, 1, 1]",0,1,"[1.0, 18.0, 2.0, 0.0, 2249.0, 2.4103053780890065, 4.0, 4.0, 2.0, 0.0, 3.0, 3.0, 30.0, 2.0, 2.0, 1.0, 4.0, 1.0, 1.0, 1.0]",1,True,False,16,39.486,nn,0.745,0.005128817226112581,0.027564408613056292
credit,1,42,4,123,1,"[1, 18, 2, 0, 2249, 2, 4, 4, 2, 0, 3, 3, 30, 2, 2, 1, 4, 1, 1, 1]",0,1,"[1.3332045134088113, 18.0, 2.0, 0.0, 2249.0, 2.0, 4.0, 4.0, 2.0, 0.0, 3.0, 3.0, 30.0, 2.0, 2.0, 1.0, 4.0, 1.0, 1.0, 1.0]",1,True,False,16,39.14,nn,0.745,0.005553408556813522,0.027776704278406762
credit,1,42,4,123,2,"[1, 18, 2, 0, 2249, 2, 4, 4, 2, 0, 3, 3, 30, 2, 2, 1, 4, 1, 1, 1]",0,1,"[1.0, 18.0, 2.0, 0.0, 2249.0, 2.3993480473548723, 4.0, 4.0, 2.0, 0.0, 3.0, 3.0, 30.0, 2.0, 2.0, 1.0, 4.0, 1.0, 1.0, 1.0]",1,True,False,16,37.953,nn,0.745,0.004991850591935904,0.027495925295967952
credit,1,42,4,123,3,"[1, 18, 2, 0, 2249, 2, 4, 4, 2, 0, 3, 3, 30, 2, 2, 1, 4, 1, 1, 1]",0,1,"[1.3523850168872733, 18.0, 2.0, 0.0, 2249.0, 2.0, 4.0, 4.0, 2.0, 0.0, 3.0, 3.0, 30.0, 2.0, 2.0, 1.0, 4.0, 1.0, 1.0, 1.0]",1,True,False,16,37.88,nn,0.745,0.005873083614787888,0.027936541807393946
credit,1,42,4,123,4,"[1, 18, 2, 0, 2249, 2, 4, 4, 2, 0, 3, 3, 30, 2, 2, 1, 4, 1, 1, 1]",0,1,"[1.378384831819746, 18.0, 2.0, 0.0, 2249.0, 2.0, 4.0, 4.0, 2.0, 0.0, 3.0, 3.0, 30.0, 2.0, 2.0, 1.0, 4.0, 1.0, 1.0, 1.0]",1,True,False,16,38.083,nn,0.745,0.006306413863662434,0.02815320693183122
credit,1,42,4,129,0,"[1, 48, 4, 1, 6143, 1, 5, 4, 1, 0, 4, 4, 58, 1, 3, 2, 2, 2, 0, 1]",0,0,"[1.0, 12.131540278147245, 4.0, 1.0, 6143.0, 1.0, 5.0, 4.0, 1.0, 0.0, 4.0, 4.0, 58.0, 1.0, 3.0, 2.0, 2.0, 2.0, 0.0, 1.0]",1,True,False,16,39.194,nn,0.745,0.024908652584619974,0.03745432629230999
credit,1,42,4,129,1,"[1, 48, 4, 1, 6143, 1, 5, 4, 1, 0, 4, 4, 58, 1, 3, 2, 2, 2, 0, 1]",0,0,"[1.0, 8.635354955808682, 4.0, 1.0, 6143.0, 1.0, 5.0, 4.0, 1.0, 0.0, 4.0, 4.0, 58.0, 1.0, 3.0, 2.0, 2.0, 2.0, 0.0, 1.0]",1,True,False,16,38.871,nn,0.745,0.027336559058466194,0.0386682795292331
credit,1,42,4,129,2,"[1, 48, 4, 1, 6143, 1, 5, 4, 1, 0, 4, 4, 58, 1, 3, 2, 2, 2, 0, 1]",0,0,"[1.53452869161098, 22.26049042067573, 4.0, 1.0, 6143.0, 1.0, 5.0, 4.0, 1.0, 0.0, 4.0, 4.0, 58.0, 1.0, 3.0, 2.0, 2.0, 2.0, 0.0, 1.0]",1,True,False,16,37.997,nn,0.745,0.026783470956935965,0.06339173547846799
credit,1,42,4,129,3,"[1, 48, 4, 1, 6143, 1, 5, 4, 1, 0, 4, 4, 58, 1, 3, 2, 2, 2, 0, 1]",0,0,"[1.4270907357745772, 19.989899955079586, 4.0, 1.0, 6143.0, 1.0, 5.0, 4.0, 1.0, 0.0, 4.0, 4.0, 58.0, 1.0, 3.0, 2.0, 2.0, 2.0, 0.0, 1.0]",1,True,False,16,37.933,nn,0.745,0.026569637294104356,0.06328481864705218
credit,1,42,4,129,4,"[1, 48, 4, 1, 6143, 1, 5, 4, 1, 0, 4, 4, 58, 1, 3, 2, 2, 2, 0, 1]",0,0,"[1.0, 12.382521926249671, 4.0, 1.0, 6143.0, 1.0, 5.0, 4.0, 1.0, 0.0, 4.0, 4.0, 58.0, 1.0, 3.0, 2.0, 2.0, 2.0, 0.0, 1.0]",1,True,False,16,38.024,nn,0.745,0.024734359773437728,0.037367179886718865
credit,1,42,4,130,0,"[1, 36, 2, 9, 15857, 1, 1, 2, 0, 1, 3, 3, 43, 2, 2, 1, 4, 2, 0, 1]",0,1,"[1.0, 3.834030594437695, 2.0, 9.0, 15857.0, 1.0, 1.0, 2.0, 0.0, 1.0, 3.0, 3.0, 43.0, 2.0, 2.0, 1.0, 4.0, 2.0, 0.0, 1.0]",1,True,False,16,37.902,nn,0.745,0.022337478753862716,0.03616873937693136
credit,1,42,4,130,1,"[1, 36, 2, 9, 15857, 1, 1, 2, 0, 1, 3, 3, 43, 2, 2, 1, 4, 2, 0, 1]",0,1,"[1.410682810811655, 8.806021960701854, 2.0, 9.0, 15857.0, 1.0, 1.0, 2.0, 0.0, 1.0, 3.0, 3.0, 43.0, 2.0, 2.0, 1.0, 4.0, 2.0, 0.0, 1.0]",1,True,False,16,37.982,nn,0.745,0.025729420485262406,0.06286471024263121
credit,1,42,4,130,2,"[1, 36, 2, 9, 15857, 1, 1, 2, 0, 1, 3, 3, 43, 2, 2, 1, 4, 2, 0, 1]",0,1,"[1.2920279906070262, 7.840037729860264, 2.0, 9.0, 15857.0, 1.0, 1.0, 2.0, 0.0, 1.0, 3.0, 3.0, 43.0, 2.0, 2.0, 1.0, 4.0, 2.0, 0.0, 1.0]",1,True,False,16,38.041,nn,0.745,0.024422662531047478,0.062211331265523744
credit,1,42,4,130,3,"[1, 36, 2, 9, 15857, 1, 1, 2, 0, 1, 3, 3, 43, 2, 2, 1, 4, 2, 0, 1]",0,1,"[1.0, 3.7988540948970533, 2.0, 9.0, 15857.0, 1.0, 1.0, 2.0, 0.0, 1.0, 3.0, 3.0, 43.0, 2.0, 2.0, 1.0, 4.0, 2.0, 0.0, 1.0]",1,True,False,16,38.023,nn,0.745,0.022361906878543714,0.03618095343927186
credit,1,42,4,130,4,"[1, 36, 2, 9, 15857, 1, 1, 2, 0, 1, 3, 3, 43, 2, 2, 1, 4, 2, 0, 1]",0,1,"[1.0, 5.003827752996045, 2.0, 9.0, 15857.0, 1.0, 1.0, 2.0, 0.0, 1.0, 3.0, 3.0, 43.0, 2.0, 2.0, 1.0, 4.0, 2.0, 0.0, 1.0]",1,True,False,16,38.042,nn,0.745,0.02152511961597497,0.03576255980798749
credit,1,42,4,135,0,"[2, 10, 1, 3, 1048, 1, 3, 4, 2, 0, 4, 1, 23, 1, 2, 1, 2, 2, 0, 1]",0,1,"[2.484966444912877, 10.0, 1.0, 3.0, 1048.0, 1.0, 3.0, 4.0, 2.0, 0.0, 4.0, 1.0, 23.0, 1.0, 2.0, 1.0, 2.0, 2.0, 0.0, 1.0]",1,True,False,16,37.866,nn,0.745,0.008082774081881287,0.029041387040940645
credit,1,42,4,135,1,"[2, 10, 1, 3, 1048, 1, 3, 4, 2, 0, 4, 1, 23, 1, 2, 1, 2, 2, 0, 1]",0,1,"[2.5247849746559803, 10.0, 1.0, 3.0, 1048.0, 1.0, 3.0, 4.0, 2.0, 0.0, 4.0, 1.0, 23.0, 1.0, 2.0, 1.0, 2.0, 2.0, 0.0, 1.0]",1,True,False,16,37.99,nn,0.745,0.008746416244266338,0.02937320812213317
credit,1,42,4,135,2,"[2, 10, 1, 3, 1048, 1, 3, 4, 2, 0, 4, 1, 23, 1, 2, 1, 2, 2, 0, 1]",0,1,"[2.5199706978117895, 10.0, 1.0, 3.0, 1048.0, 1.0, 3.0, 4.0, 2.0, 0.0, 4.0, 1.0, 23.0, 1.0, 2.0, 1.0, 2.0, 2.0, 0.0, 1.0]",1,True,False,16,37.965,nn,0.745,0.008666178296863159,0.02933308914843158
credit,1,42,4,135,3,"[2, 10, 1, 3, 1048, 1, 3, 4, 2, 0, 4, 1, 23, 1, 2, 1, 2, 2, 0, 1]",0,1,"[2.4589581880596816, 10.0, 1.0, 3.0, 1048.0, 1.0, 3.0, 4.0, 2.0, 0.0, 4.0, 1.0, 23.0, 1.0, 2.0, 1.0, 2.0, 2.0, 0.0, 1.0]",1,True,False,16,37.892,nn,0.745,0.0076493031343280275,0.028824651567164017
credit,1,42,4,135,4,"[2, 10, 1, 3, 1048, 1, 3, 4, 2, 0, 4, 1, 23, 1, 2, 1, 2, 2, 0, 1]",0,1,"[2.5122486966840207, 10.0, 1.0, 3.0, 1048.0, 1.0, 3.0, 4.0, 2.0, 0.0, 4.0, 1.0, 23.0, 1.0, 2.0, 1.0, 2.0, 2.0, 0.0, 1.0]",1,True,False,16,37.905,nn,0.745,0.008537478278067013,0.02926873913903351
credit,1,42,4,136,0,"[1, 12, 2, 0, 1168, 1, 3, 4, 3, 0, 3, 1, 27, 2, 2, 1, 2, 2, 0, 1]",0,1,"[1.0, 12.0, 2.0, 0.0, 1168.0, 1.0, 3.0, 4.0, 3.0, 0.0, 3.0, 1.0, 43.54486597548278, 2.0, 2.0, 1.0, 2.0, 2.0, 0.0, 1.0]",1,True,False,16,38.092,nn,0.745,0.014513040329370858,0.03225652016468543
credit,1,42,4,136,1,"[1, 12, 2, 0, 1168, 1, 3, 4, 3, 0, 3, 1, 27, 2, 2, 1, 2, 2, 0, 1]",0,1,"[1.0, 12.0, 2.0, 0.0, 1168.0, 1.0, 3.0, 4.0, 3.0, 0.0, 3.0, 1.0, 43.0519216884975, 2.0, 2.0, 1.0, 2.0, 2.0, 0.0, 1.0]",1,True,False,16,38.012,nn,0.745,0.014080633060085527,0.032040316530042766
credit,1,42,4,136,2,"[1, 12, 2, 0, 1168, 1, 3, 4, 3, 0, 3, 1, 27, 2, 2, 1, 2, 2, 0, 1]",0,1,"[1.0, 12.0, 2.0, 0.0, 1168.0, 1.0, 3.0, 4.0, 3.0, 0.0, 3.0, 1.0, 44.130524722027715, 2.0, 2.0, 1.0, 2.0, 2.0, 0.0, 1.0]",1,True,False,16,38.058,nn,0.745,0.015026776071954137,0.03251338803597707
credit,1,42,4,136,3,"[1, 12, 2, 0, 1168, 1, 3, 4, 3, 0, 3, 1, 27, 2, 2, 1, 2, 2, 0, 1]",0,1,"[1.0, 12.0, 2.0, 0.0, 1168.0, 1.0, 3.0, 4.0, 3.0, 0.0, 3.0, 1.0, 43.221980605004745, 2.0, 2.0, 1.0, 2.0, 2.0, 0.0, 1.0]",1,True,False,16,37.974,nn,0.745,0.014229807548249776,0.03211490377412489
credit,1,42,4,136,4,"[1, 12, 2, 0, 1168, 1, 3, 4, 3, 0, 3, 1, 27, 2, 2, 1, 2, 2, 0, 1]",0,1,"[1.0, 12.0, 2.0, 0.0, 1168.0, 1.0, 3.0, 4.0, 3.0, 0.0, 3.0, 1.0, 46.315178731378765, 2.0, 2.0, 1.0, 2.0, 2.0, 0.0, 1.0]",1,True,False,16,37.964,nn,0.745,0.01694313923805155,0.033471569619025775
credit,1,42,4,144,0,"[4, 36, 0, 5, 2613, 1, 3, 4, 2, 0, 2, 3, 27, 2, 2, 2, 3, 2, 0, 1]",0,1,"[4.0, 15.836273783939182, 0.0, 5.0, 2613.0, 1.0, 3.0, 4.0, 2.0, 0.0, 2.0, 3.0, 27.0, 2.0, 2.0, 2.0, 3.0, 2.0, 0.0, 1.0]",1,True,False,16,38.107,nn,0.745,0.014002587650042234,0.03200129382502112
credit,1,42,4,144,1,"[4, 36, 0, 5, 2613, 1, 3, 4, 2, 0, 2, 3, 27, 2, 2, 2, 3, 2, 0, 1]",0,1,"[4.0, 17.423695950195324, 0.0, 5.0, 2613.0, 1.0, 3.0, 4.0, 2.0, 0.0, 2.0, 3.0, 27.0, 2.0, 2.0, 2.0, 3.0, 2.0, 0.0, 1.0]",1,True,False,16,38.154,nn,0.745,0.012900211145697693,0.03145010557284885
credit,1,42,4,144,2,"[4, 36, 0, 5, 2613, 1, 3, 4, 2, 0, 2, 3, 27, 2, 2, 2, 3, 2, 0, 1]",0,1,"[4.0, 15.78206862025705, 0.0, 5.0, 2613.0, 1.0, 3.0, 4.0, 2.0, 0.0, 2.0, 3.0, 27.0, 2.0, 2.0, 2.0, 3.0, 2.0, 0.0, 1.0]",1,True,False,16,38.058,nn,0.745,0.014040230124821494,0.032020115062410745
credit,1,42,4,144,3,"[4, 36, 0, 5, 2613, 1, 3, 4, 2, 0, 2, 3, 27, 2, 2, 2, 3, 2, 0, 1]",0,1,"[4.0, 16.08370252841261, 0.0, 5.0, 2613.0, 1.0, 3.0, 4.0, 2.0, 0.0, 2.0, 3.0, 27.0, 2.0, 2.0, 2.0, 3.0, 2.0, 0.0, 1.0]",1,True,False,16,38.079,nn,0.745,0.013830762133046801,0.031915381066523404
credit,1,42,4,144,4,"[4, 36, 0, 5, 2613, 1, 3, 4, 2, 0, 2, 3, 27, 2, 2, 2, 3, 2, 0, 1]",0,1,"[4.0, 17.958094050076845, 0.0, 5.0, 2613.0, 1.0, 3.0, 4.0, 2.0, 0.0, 2.0, 3.0, 27.0, 2.0, 2.0, 2.0, 3.0, 2.0, 0.0, 1.0]",1,True,False,16,38.038,nn,0.745,0.012529101354113304,0.031264550677056656
credit,1,42,4,148,0,"[1, 36, 2, 1, 5493, 1, 5, 2, 2, 0, 4, 4, 42, 2, 3, 1, 3, 1, 0, 1]",0,1,"[1.9639478066366474, 36.0, 2.0, 1.0, 5493.0, 1.0, 5.0, 2.0, 2.0, 0.0, 4.0, 4.0, 42.0, 2.0, 3.0, 1.0, 3.0, 1.0, 0.0, 1.0]",1,True,False,16,38.006,nn,0.745,0.016065796777277454,0.03303289838863873
credit,1,42,4,148,1,"[1, 36, 2, 1, 5493, 1, 5, 2, 2, 0, 4, 4, 42, 2, 3, 1, 3, 1, 0, 1]",0,1,"[1.913718828559099, 36.0, 2.0, 1.0, 5493.0, 1.0, 5.0, 2.0, 2.0, 0.0, 4.0, 4.0, 42.0, 2.0, 3.0, 1.0, 3.0, 1.0, 0.0, 1.0]",1,True,False,16,38.051,nn,0.745,0.01522864714265165,0.03261432357132583
credit,1,42,4,148,2,"[1, 36, 2, 1, 5493, 1, 5, 2, 2, 0, 4, 4, 42, 2, 3, 1, 3, 1, 0, 1]",0,1,"[1.8732106498932826, 36.0, 2.0, 1.0, 5493.0, 1.0, 5.0, 2.0, 2.0, 0.0, 4.0, 4.0, 42.0, 2.0, 3.0, 1.0, 3.0, 1.0, 0.0, 1.0]",1,True,False,16,37.965,nn,0.745,0.01455351083155471,0.032276755415777354
credit,1,42,4,148,3,"[1, 36, 2, 1, 5493, 1, 5, 2, 2, 0, 4, 4, 42, 2, 3, 1, 3, 1, 0, 1]",0,1,"[1.9445811745247492, 36.0, 2.0, 1.0, 5493.0, 1.0, 5.0, 2.0, 2.0, 0.0, 4.0, 4.0, 42.0, 2.0, 3.0, 1.0, 3.0, 1.0, 0.0, 1.0]",1,True,False,16,37.966,nn,0.745,0.01574301957541249,0.03287150978770625
credit,1,42,4,148,4,"[1, 36, 2, 1, 5493, 1, 5, 2, 2, 0, 4, 4, 42, 2, 3, 1, 3, 1, 0, 1]",0,1,"[1.9831109558640634, 36.0, 2.0, 1.0, 5493.0, 1.0, 5.0, 2.0, 2.0, 0.0, 4.0, 4.0, 42.0, 2.0, 3.0, 1.0, 3.0, 1.0, 0.0, 1.0]",1,True,False,16,37.971,nn,0.745,0.01638518259773439,0.033192591298867195
credit,1,42,4,150,0,"[1, 9, 2, 0, 654, 1, 3, 4, 2, 0, 3, 3, 28, 2, 2, 1, 2, 2, 0, 1]",0,0,"[2.5293071488167014, 9.0, 2.0, 0.0, 654.0, 1.0, 3.0, 4.0, 2.0, 0.0, 3.0, 3.0, 28.0, 2.0, 2.0, 1.0, 2.0, 2.0, 0.0, 1.0]",1,True,False,16,38.034,nn,0.745,0.025488452480278357,0.03774422624013918
credit,1,42,4,150,1,"[1, 9, 2, 0, 654, 1, 3, 4, 2, 0, 3, 3, 28, 2, 2, 1, 2, 2, 0, 1]",0,0,"[2.4739692298123215, 9.0, 2.0, 0.0, 654.0, 1.0, 3.0, 4.0, 2.0, 0.0, 3.0, 3.0, 28.0, 2.0, 2.0, 1.0, 2.0, 2.0, 0.0, 1.0]",1,True,False,16,38.122,nn,0.745,0.02456615383020536,0.03728307691510268
credit,1,42,4,150,2,"[1, 9, 2, 0, 654, 1, 3, 4, 2, 0, 3, 3, 28, 2, 2, 1, 2, 2, 0, 1]",0,0,"[2.485733139497542, 9.0, 2.0, 0.0, 654.0, 1.0, 3.0, 4.0, 2.0, 0.0, 3.0, 3.0, 28.0, 2.0, 2.0, 1.0, 2.0, 2.0, 0.0, 1.0]",1,True,False,16,37.977,nn,0.745,0.024762218991625704,0.03738110949581285
credit,1,42,4,150,3,"[1, 9, 2, 0, 654, 1, 3, 4, 2, 0, 3, 3, 28, 2, 2, 1, 2, 2, 0, 1]",0,0,"[2.483386822644318, 9.0, 2.0, 0.0, 654.0, 1.0, 3.0, 4.0, 2.0, 0.0, 3.0, 3.0, 28.0, 2.0, 2.0, 1.0, 2.0, 2.0, 0.0, 1.0]",1,True,False,16,37.957,nn,0.745,0.024723113710738633,0.03736155685536932
credit,1,42,4,150,4,"[1, 9, 2, 0, 654, 1, 3, 4, 2, 0, 3, 3, 28, 2, 2, 1, 2, 2, 0, 1]",0,0,"[2.4910765655491773, 9.0, 2.0, 0.0, 654.0, 1.0, 3.0, 4.0, 2.0, 0.0, 3.0, 3.0, 28.0, 2.0, 2.0, 1.0, 2.0, 2.0, 0.0, 1.0]",1,True,False,16,37.946,nn,0.745,0.024851276092486288,0.037425638046243145
credit,1,42,4,152,0,"[1, 18, 2, 3, 2600, 1, 3, 4, 2, 0, 4, 4, 65, 2, 3, 2, 3, 2, 0, 1]",0,0,"[1.8293032931183206, 18.0, 2.0, 3.0, 2600.0, 1.0, 3.0, 4.0, 2.0, 0.0, 4.0, 4.0, 65.0, 2.0, 3.0, 2.0, 3.0, 2.0, 0.0, 1.0]",1,True,False,16,38.152,nn,0.745,0.013821721551972012,0.03191086077598601
credit,1,42,4,152,1,"[1, 18, 2, 3, 2600, 1, 3, 4, 2, 0, 4, 4, 65, 2, 3, 2, 3, 2, 0, 1]",0,0,"[1.811585630411829, 18.0, 2.0, 3.0, 2600.0, 1.0, 3.0, 4.0, 2.0, 0.0, 4.0, 4.0, 65.0, 2.0, 3.0, 2.0, 3.0, 2.0, 0.0, 1.0]",1,True,False,16,38.192,nn,0.745,0.013526427173530484,0.031763213586765246
credit,1,42,4,152,2,"[1, 18, 2, 3, 2600, 1, 3, 4, 2, 0, 4, 4, 65, 2, 3, 2, 3, 2, 0, 1]",0,0,"[1.847491968226175, 18.0, 2.0, 3.0, 2600.0, 1.0, 3.0, 4.0, 2.0, 0.0, 4.0, 4.0, 65.0, 2.0, 3.0, 2.0, 3.0, 2.0, 0.0, 1.0]",1,True,False,16,38.158,nn,0.745,0.014124866137102919,0.03206243306855146
credit,1,42,4,152,3,"[1, 18, 2, 3, 2600, 1, 3, 4, 2, 0, 4, 4, 65, 2, 3, 2, 3, 2, 0, 1]",0,0,"[1.7468590607352126, 18.0, 2.0, 3.0, 2600.0, 1.0, 3.0, 4.0, 2.0, 0.0, 4.0, 4.0, 65.0, 2.0, 3.0, 2.0, 3.0, 2.0, 0.0, 1.0]",1,True,False,16,38.096,nn,0.745,0.012447651012253542,0.031223825506126773
credit,1,42,4,152,4,"[1, 18, 2, 3, 2600, 1, 3, 4, 2, 0, 4, 4, 65, 2, 3, 2, 3, 2, 0, 1]",0,0,"[1.8311779631250276, 18.0, 2.0, 3.0, 2600.0, 1.0, 3.0, 4.0, 2.0, 0.0, 4.0, 4.0, 65.0, 2.0, 3.0, 2.0, 3.0, 2.0, 0.0, 1.0]",1,True,False,16,38.057,nn,0.745,0.013852966052083793,0.031926483026041896
credit,1,42,4,157,0,"[2, 6, 1, 6, 433, 4, 2, 4, 1, 0, 2, 2, 24, 0, 1, 1, 3, 1, 0, 1]",0,0,"[1.998090822887431, 6.0, 1.0, 6.0, 250.0, 4.0, 2.0, 4.0, 1.0, 0.0, 2.0, 2.0, 24.0, 0.0, 1.0, 1.0, 3.0, 1.0, 0.0, 1.0]",1,True,False,16,37.878,nn,0.745,0.000495110757783323,0.05024755537889167
credit,1,42,4,157,1,"[2, 6, 1, 6, 433, 4, 2, 4, 1, 0, 2, 2, 24, 0, 1, 1, 3, 1, 0, 1]",0,0,"[2.2839971318156813, 6.0, 1.0, 6.0, 433.0, 4.0, 2.0, 4.0, 1.0, 0.0, 2.0, 2.0, 24.0, 0.0, 1.0, 1.0, 3.0, 1.0, 0.0, 1.0]",1,True,False,16,38.032,nn,0.745,0.004733285530261356,0.027366642765130678
credit,1,42,4,157,2,"[2, 6, 1, 6, 433, 4, 2, 4, 1, 0, 2, 2, 24, 0, 1, 1, 3, 1, 0, 1]",0,0,"[2.0028835259211584, 6.0, 1.0, 6.0, 481.2098027420641, 4.0, 2.0, 4.0, 1.0, 0.0, 2.0, 2.0, 24.0, 0.0, 1.0, 1.0, 3.0, 1.0, 0.0, 1.0]",1,True,False,16,37.952,nn,0.745,0.00017010889887685238,0.05008505444943843
credit,1,42,4,157,3,"[2, 6, 1, 6, 433, 4, 2, 4, 1, 0, 2, 2, 24, 0, 1, 1, 3, 1, 0, 1]",0,0,"[2.2940886391032467, 6.0, 1.0, 6.0, 433.0, 4.0, 2.0, 4.0, 1.0, 0.0, 2.0, 2.0, 24.0, 0.0, 1.0, 1.0, 3.0, 1.0, 0.0, 1.0]",1,True,False,16,38.09,nn,0.745,0.004901477318387445,0.027450738659193723
credit,1,42,4,157,4,"[2, 6, 1, 6, 433, 4, 2, 4, 1, 0, 2, 2, 24, 0, 1, 1, 3, 1, 0, 1]",0,0,"[1.9989605122980418, 6.0, 1.0, 6.0, 389.2996006300591, 4.0, 2.0, 4.0, 1.0, 0.0, 2.0, 2.0, 24.0, 0.0, 1.0, 1.0, 3.0, 1.0, 0.0, 1.0]",1,True,False,16,38.008,nn,0.745,0.00012795871748818265,0.05006397935874409
credit,1,42,4,158,0,"[2, 36, 0, 8, 1953, 1, 5, 4, 2, 0, 4, 4, 61, 2, 3, 1, 4, 2, 1, 1]",0,0,"[2.0298333415932213, 18.90312321531407, 0.0, 8.0, 1953.0, 1.0, 5.0, 4.0, 2.0, 0.0, 4.0, 4.0, 61.0, 2.0, 3.0, 1.0, 4.0, 2.0, 1.0, 1.0]",1,True,False,16,38.111,nn,0.745,0.012370053460363361,0.056185026730181685
credit,1,42,4,158,1,"[2, 36, 0, 8, 1953, 1, 5, 4, 2, 0, 4, 4, 61, 2, 3, 1, 4, 2, 1, 1]",0,0,"[2.064476091514254, 19.449635048809238, 0.0, 8.0, 1953.0, 1.0, 5.0, 4.0, 2.0, 0.0, 4.0, 4.0, 61.0, 2.0, 3.0, 1.0, 4.0, 2.0, 1.0, 1.0]",1,True,False,16,38.128,nn,0.745,0.012567910519120038,0.05628395525956002
credit,1,42,4,158,2,"[2, 36, 0, 8, 1953, 1, 5, 4, 2, 0, 4, 4, 61, 2, 3, 1, 4, 2, 1, 1]",0,0,"[2.0110135138845533, 18.592393236458626, 0.0, 8.0, 1953.0, 1.0, 5.0, 4.0, 2.0, 0.0, 4.0, 4.0, 61.0, 2.0, 3.0, 1.0, 4.0, 2.0, 1.0, 1.0]",1,True,False,16,38.157,nn,0.745,0.012272174372757398,0.056136087186378705
credit,1,42,4,158,3,"[2, 36, 0, 8, 1953, 1, 5, 4, 2, 0, 4, 4, 61, 2, 3, 1, 4, 2, 1, 1]",0,0,"[2.2205094148401976, 21.850752753231472, 0.0, 8.0, 1953.0, 1.0, 5.0, 4.0, 2.0, 0.0, 4.0, 4.0, 61.0, 2.0, 3.0, 1.0, 4.0, 2.0, 1.0, 1.0]",1,True,False,16,38.11,nn,0.745,0.01350102305759255,0.056750511528796274
credit,1,42,4,158,4,"[2, 36, 0, 8, 1953, 1, 5, 4, 2, 0, 4, 4, 61, 2, 3, 1, 4, 2, 1, 1]",0,0,"[2.0014386423082113, 18.578618446998817, 0.0, 8.0, 1953.0, 1.0, 5.0, 4.0, 2.0, 0.0, 4.0, 4.0, 61.0, 2.0, 3.0, 1.0, 4.0, 2.0, 1.0, 1.0]",1,True,False,16,38.128,nn,0.745,0.012122159005832122,0.05606107950291606
credit,1,42,4,159,0,"[1, 24, 2, 0, 915, 5, 5, 4, 1, 0, 2, 3, 29, 0, 2, 1, 3, 2, 0, 1]",0,0,"[1.785598521868125, 24.0, 2.0, 0.0, 915.0, 5.0, 5.0, 4.0, 1.0, 0.0, 2.0, 3.0, 29.0, 0.0, 2.0, 1.0, 3.0, 2.0, 0.0, 1.0]",1,True,False,16,38.022,nn,0.745,0.013093308697802085,0.03154665434890104
credit,1,42,4,159,1,"[1, 24, 2, 0, 915, 5, 5, 4, 1, 0, 2, 3, 29, 0, 2, 1, 3, 2, 0, 1]",0,0,"[1.781321901207072, 24.0, 2.0, 0.0, 915.0, 5.0, 5.0, 4.0, 1.0, 0.0, 2.0, 3.0, 29.0, 0.0, 2.0, 1.0, 3.0, 2.0, 0.0, 1.0]",1,True,False,16,38.1,nn,0.745,0.013022031686784534,0.03151101584339227
credit,1,42,4,159,2,"[1, 24, 2, 0, 915, 5, 5, 4, 1, 0, 2, 3, 29, 0, 2, 1, 3, 2, 0, 1]",0,0,"[1.7536548785443982, 24.0, 2.0, 0.0, 915.0, 5.0, 5.0, 4.0, 1.0, 0.0, 2.0, 3.0, 29.0, 0.0, 2.0, 1.0, 3.0, 2.0, 0.0, 1.0]",1,True,False,16,38.024,nn,0.745,0.012560914642406638,0.03128045732120332
credit,1,42,4,159,3,"[1, 24, 2, 0, 915, 5, 5, 4, 1, 0, 2, 3, 29, 0, 2, 1, 3, 2, 0, 1]",0,0,"[1.7756495900513445, 24.0, 2.0, 0.0, 915.0, 5.0, 5.0, 4.0, 1.0, 0.0, 2.0, 3.0, 29.0, 0.0, 2.0, 1.0, 3.0, 2.0, 0.0, 1.0]",1,True,False,16,38.002,nn,0.745,0.012927493167522409,0.03146374658376121
credit,1,42,4,159,4,"[1, 24, 2, 0, 915, 5, 5, 4, 1, 0, 2, 3, 29, 0, 2, 1, 3, 2, 0, 1]",0,0,"[1.703283195818647, 24.0, 2.0, 0.0, 915.0, 5.0, 5.0, 4.0, 1.0, 0.0, 2.0, 3.0, 29.0, 0.0, 2.0, 1.0, 3.0, 2.0, 0.0, 1.0]",1,True,False,16,37.964,nn,0.745,0.01172138659697745,0.03086069329848873
credit,1,42,4,165,0,"[2, 48, 2, 3, 5951, 1, 3, 2, 1, 0, 2, 1, 22, 2, 2, 1, 3, 2, 0, 1]",0,0,"[2.0, 25.103343773501102, 2.0, 3.0, 5951.0, 1.0, 3.0, 2.0, 1.0, 0.0, 2.0, 1.0, 22.0, 2.0, 2.0, 1.0, 3.0, 2.0, 0.0, 1.0]",1,True,False,16,38.236,nn,0.745,0.015900455712846456,0.03295022785642323
credit,1,42,4,165,1,"[2, 48, 2, 3, 5951, 1, 3, 2, 1, 0, 2, 1, 22, 2, 2, 1, 3, 2, 0, 1]",0,0,"[2.0, 26.472819301494948, 2.0, 3.0, 5951.0, 1.0, 3.0, 2.0, 1.0, 0.0, 2.0, 1.0, 22.0, 2.0, 2.0, 1.0, 3.0, 2.0, 0.0, 1.0]",1,True,False,16,38.146,nn,0.745,0.014949431040628508,0.03247471552031426
credit,1,42,4,165,2,"[2, 48, 2, 3, 5951, 1, 3, 2, 1, 0, 2, 1, 22, 2, 2, 1, 3, 2, 0, 1]",0,0,"[2.0, 27.258162686977208, 2.0, 3.0, 5951.0, 1.0, 3.0, 2.0, 1.0, 0.0, 2.0, 1.0, 22.0, 2.0, 2.0, 1.0, 3.0, 2.0, 0.0, 1.0]",1,True,False,16,38.201,nn,0.745,0.014404053689599162,0.032202026844799586
credit,1,42,4,165,3,"[2, 48, 2, 3, 5951, 1, 3, 2, 1, 0, 2, 1, 22, 2, 2, 1, 3, 2, 0, 1]",0,0,"[2.0, 23.693633389259105, 2.0, 3.0, 5951.0, 1.0, 3.0, 2.0, 1.0, 0.0, 2.0, 1.0, 22.0, 2.0, 2.0, 1.0, 3.0, 2.0, 0.0, 1.0]",1,True,False,16,38.104,nn,0.745,0.016879421257458956,0.03343971062872948
credit,1,42,4,165,4,"[2, 48, 2, 3, 5951, 1, 3, 2, 1, 0, 2, 1, 22, 2, 2, 1, 3, 2, 0, 1]",0,0,"[2.0, 25.159916116762506, 2.0, 3.0, 5951.0, 1.0, 3.0, 2.0, 1.0, 0.0, 2.0, 1.0, 22.0, 2.0, 2.0, 1.0, 3.0, 2.0, 0.0, 1.0]",1,True,False,16,38.024,nn,0.745,0.01586116936335937,0.032930584681679684
credit,1,42,4,169,0,"[1, 42, 2, 3, 3965, 1, 2, 4, 2, 0, 3, 3, 34, 2, 2, 1, 3, 2, 0, 1]",0,0,"[1.578084248234819, 3.0, 2.0, 3.0, 3965.0, 1.0, 2.0, 4.0, 2.0, 0.0, 3.0, 3.0, 34.0, 2.0, 2.0, 1.0, 3.0, 2.0, 0.0, 1.0]",1,True,False,16,38.184,nn,0.745,0.03671807080391365,0.06835903540195683
credit,1,42,4,169,1,"[1, 42, 2, 3, 3965, 1, 2, 4, 2, 0, 3, 3, 34, 2, 2, 1, 3, 2, 0, 1]",0,0,"[1.7035083405147382, 6.9366162817309664, 2.0, 3.0, 3965.0, 1.0, 2.0, 4.0, 2.0, 0.0, 3.0, 3.0, 34.0, 2.0, 2.0, 1.0, 3.0, 2.0, 0.0, 1.0]",1,True,False,16,38.015,nn,0.745,0.03607471103515469,0.06803735551757735
credit,1,42,4,169,2,"[1, 42, 2, 3, 3965, 1, 2, 4, 2, 0, 3, 3, 34, 2, 2, 1, 3, 2, 0, 1]",0,0,"[2.014390528575508, 10.563797618471668, 2.0, 3.0, 3965.0, 1.0, 2.0, 4.0, 2.0, 0.0, 3.0, 3.0, 34.0, 2.0, 2.0, 1.0, 3.0, 2.0, 0.0, 1.0]",1,True,False,16,38.061,nn,0.745,0.03873720490787537,0.0693686024539377
credit,1,42,4,169,3,"[1, 42, 2, 3, 3965, 1, 2, 4, 2, 0, 3, 3, 34, 2, 2, 1, 3, 2, 0, 1]",0,0,"[1.9898814512845477, 9.811753285956671, 2.0, 3.0, 3965.0, 1.0, 2.0, 4.0, 2.0, 0.0, 3.0, 3.0, 34.0, 2.0, 2.0, 1.0, 3.0, 2.0, 0.0, 1.0]",1,True,False,16,38.03,nn,0.745,0.03885097329505033,0.06942548664752517
credit,1,42,4,169,4,"[1, 42, 2, 3, 3965, 1, 2, 4, 2, 0, 3, 3, 34, 2, 2, 1, 3, 2, 0, 1]",0,0,"[1.6282151460008873, 5.003372248342184, 2.0, 3.0, 3965.0, 1.0, 2.0, 4.0, 2.0, 0.0, 3.0, 3.0, 34.0, 2.0, 2.0, 1.0, 3.0, 2.0, 0.0, 1.0]",1,True,False,16,37.965,nn,0.745,0.03616235503866605,0.06808117751933303
credit,1,42,4,171,0,"[1, 40, 4, 6, 5998, 1, 3, 4, 2, 0, 3, 4, 27, 0, 2, 1, 3, 2, 1, 1]",0,0,"[1.0, 5.190836893278262, 4.0, 6.0, 5998.0, 1.0, 3.0, 4.0, 2.0, 0.0, 3.0, 4.0, 27.0, 0.0, 2.0, 1.0, 3.0, 2.0, 1.0, 1.0]",1,True,False,16,38.177,nn,0.745,0.024173029935223432,0.037086514967611714
credit,1,42,4,171,1,"[1, 40, 4, 6, 5998, 1, 3, 4, 2, 0, 3, 4, 27, 0, 2, 1, 3, 2, 1, 1]",0,0,"[1.1844979956269868, 5.090595372906576, 4.0, 6.0, 5998.0, 1.0, 3.0, 4.0, 2.0, 0.0, 3.0, 4.0, 27.0, 0.0, 2.0, 1.0, 3.0, 2.0, 1.0, 1.0]",1,True,False,16,38.05,nn,0.745,0.027317608695931323,0.06365880434796567
credit,1,42,4,171,2,"[1, 40, 4, 6, 5998, 1, 3, 4, 2, 0, 3, 4, 27, 0, 2, 1, 3, 2, 1, 1]",0,0,"[1.3514327293792194, 9.74162252068831, 4.0, 6.0, 5998.0, 1.0, 3.0, 4.0, 2.0, 0.0, 3.0, 4.0, 27.0, 0.0, 2.0, 1.0, 3.0, 2.0, 1.0, 1.0]",1,True,False,16,38.156,nn,0.745,0.02686997429473122,0.06343498714736562
credit,1,42,4,171,3,"[1, 40, 4, 6, 5998, 1, 3, 4, 2, 0, 3, 4, 27, 0, 2, 1, 3, 2, 1, 1]",0,0,"[1.0, 5.21769433820814, 4.0, 6.0, 5998.0, 1.0, 3.0, 4.0, 2.0, 0.0, 3.0, 4.0, 27.0, 0.0, 2.0, 1.0, 3.0, 2.0, 1.0, 1.0]",1,True,False,16,38.13,nn,0.745,0.024154378931799905,0.037077189465899954
credit,1,42,4,171,4,"[1, 40, 4, 6, 5998, 1, 3, 4, 2, 0, 3, 4, 27, 0, 2, 1, 3, 2, 1, 1]",0,0,"[1.854212423030189, 17.022578730516972, 4.0, 6.0, 5998.0, 1.0, 3.0, 4.0, 2.0, 0.0, 3.0, 4.0, 27.0, 0.0, 2.0, 1.0, 3.0, 2.0, 1.0, 1.0]",1,True,False,16,38.282,nn,0.745,0.030193416265421925,0.06509670813271097
credit,1,42,4,172,0,"[2, 12, 2, 2, 951, 2, 2, 4, 1, 0, 4, 3, 27, 0, 1, 4, 3, 2, 0, 1]",0,0,"[3.7623479915378115, 12.0, 2.0, 2.0, 951.0, 3.2547808340369175, 2.0, 4.0, 1.0, 0.0, 4.0, 3.0, 27.0, 0.0, 1.0, 4.0, 3.0, 2.0, 0.0, 1.0]",1,True,False,16,38.044,nn,0.745,0.04505722695109166,0.07252861347554583
credit,1,42,4,172,1,"[2, 12, 2, 2, 951, 2, 2, 4, 1, 0, 4, 3, 27, 0, 1, 4, 3, 2, 0, 1]",0,0,"[3.327489865034413, 12.0, 2.0, 2.0, 951.0, 2.0, 3.941046441884474, 4.0, 1.0, 0.0, 4.0, 3.0, 27.0, 0.0, 1.0, 4.0, 3.0, 2.0, 0.0, 1.0]",1,True,False,16,38.031,nn,0.745,0.046387911607462806,0.0731939558037314
credit,1,42,4,172,2,"[2, 12, 2, 2, 951, 2, 2, 4, 1, 0, 4, 3, 27, 0, 1, 4, 3, 2, 0, 1]",0,0,"[3.2626794374138193, 12.0, 2.0, 2.0, 951.0, 2.0, 4.127404993453321, 4.0, 1.0, 0.0, 4.0, 3.0, 27.0, 0.0, 1.0, 4.0, 3.0, 2.0, 0.0, 1.0]",1,True,False,16,37.968,nn,0.745,0.04763721970839683,0.07381860985419841
credit,1,42,4,172,3,"[2, 12, 2, 2, 951, 2, 2, 4, 1, 0, 4, 3, 27, 0, 1, 4, 3, 2, 0, 1]",0,0,"[2.9758943538198532, 12.0, 2.0, 2.0, 951.0, 2.0, 4.666925176584744, 4.0, 1.0, 0.0, 4.0, 3.0, 27.0, 0.0, 1.0, 4.0, 3.0, 2.0, 0.0, 1.0]",1,True,False,16,37.927,nn,0.745,0.049601470604306856,0.07480073530215343
credit,1,42,4,172,4,"[2, 12, 2, 2, 951, 2, 2, 4, 1, 0, 4, 3, 27, 0, 1, 4, 3, 2, 0, 1]",0,0,"[3.2740157412978212, 12.0, 2.0, 2.0, 951.0, 2.0, 3.885239901613023, 4.0, 1.0, 0.0, 4.0, 3.0, 27.0, 0.0, 1.0, 4.0, 3.0, 2.0, 0.0, 1.0]",1,True,False,16,37.955,nn,0.745,0.04479909445845981,0.07239954722922991
credit,1,42,4,173,0,"[2, 24, 2, 0, 1355, 1, 2, 3, 1, 0, 4, 3, 25, 2, 2, 1, 2, 2, 1, 1]",0,0,"[3.412188940412435, 24.0, 2.0, 0.0, 1355.0, 1.0, 2.0, 3.0, 1.0, 0.0, 4.0, 3.0, 25.0, 2.0, 2.0, 1.0, 2.0, 2.0, 1.0, 1.0]",1,True,False,16,38.149,nn,0.745,0.023536482340207252,0.036768241170103626
credit,1,42,4,173,1,"[2, 24, 2, 0, 1355, 1, 2, 3, 1, 0, 4, 3, 25, 2, 2, 1, 2, 2, 1, 1]",0,0,"[3.4542785853845333, 24.0, 2.0, 0.0, 1355.0, 1.0, 2.0, 3.0, 1.0, 0.0, 4.0, 3.0, 25.0, 2.0, 2.0, 1.0, 2.0, 2.0, 1.0, 1.0]",1,True,False,16,38.187,nn,0.745,0.024237976423075555,0.03711898821153778
credit,1,42,4,173,2,"[2, 24, 2, 0, 1355, 1, 2, 3, 1, 0, 4, 3, 25, 2, 2, 1, 2, 2, 1, 1]",0,0,"[3.444863732747433, 24.0, 2.0, 0.0, 1355.0, 1.0, 2.0, 3.0, 1.0, 0.0, 4.0, 3.0, 25.0, 2.0, 2.0, 1.0, 2.0, 2.0, 1.0, 1.0]",1,True,False,16,38.152,nn,0.745,0.02408106221245722,0.03704053110622861
credit,1,42,4,173,3,"[2, 24, 2, 0, 1355, 1, 2, 3, 1, 0, 4, 3, 25, 2, 2, 1, 2, 2, 1, 1]",0,0,"[3.4025113072001174, 24.0, 2.0, 0.0, 1355.0, 1.0, 2.0, 3.0, 1.0, 0.0, 4.0, 3.0, 25.0, 2.0, 2.0, 1.0, 2.0, 2.0, 1.0, 1.0]",1,True,False,16,37.933,nn,0.745,0.02337518845333529,0.03668759422666765
credit,1,42,4,173,4,"[2, 24, 2, 0, 1355, 1, 2, 3, 1, 0, 4, 3, 25, 2, 2, 1, 2, 2, 1, 1]",0,0,"[2.614886730048054, 15.050856702690112, 2.0, 0.0, 1355.0, 1.0, 2.0, 3.0, 1.0, 0.0, 4.0, 3.0, 25.0, 2.0, 2.0, 1.0, 2.0, 2.0, 1.0, 1.0]",1,True,False,16,37.837,nn,0.745,0.016462795012821652,0.05823139750641083
credit,1,42,4,174,0,"[2, 30, 4, 0, 5234, 1, 1, 4, 3, 0, 2, 3, 28, 2, 2, 2, 4, 2, 0, 1]",0,0,"[2.8466106135470786, 23.679456932570595, 4.0, 0.0, 5234.0, 1.0, 1.0, 4.0, 3.0, 0.0, 2.0, 3.0, 28.0, 2.0, 2.0, 2.0, 4.0, 2.0, 0.0, 1.0]",1,True,False,16,38.046,nn,0.745,0.01849944291149951,0.059249721455749756
credit,1,42,4,174,1,"[2, 30, 4, 0, 5234, 1, 1, 4, 3, 0, 2, 3, 28, 2, 2, 2, 4, 2, 0, 1]",0,0,"[2.022458501099205, 12.919003107581952, 4.0, 0.0, 5234.0, 1.0, 1.0, 4.0, 3.0, 0.0, 2.0, 3.0, 28.0, 2.0, 2.0, 2.0, 4.0, 2.0, 0.0, 1.0]",1,True,False,16,38.142,nn,0.745,0.012236111749165952,0.056118055874582976
credit,1,42,4,174,2,"[2, 30, 4, 0, 5234, 1, 1, 4, 3, 0, 2, 3, 28, 2, 2, 2, 4, 2, 0, 1]",0,0,"[2.0588488608345754, 13.375111899492888, 4.0, 0.0, 5234.0, 1.0, 1.0, 4.0, 3.0, 0.0, 2.0, 3.0, 28.0, 2.0, 2.0, 2.0, 4.0, 2.0, 0.0, 1.0]",1,True,False,16,38.104,nn,0.745,0.01252587552815064,0.05626293776407532
credit,1,42,4,174,3,"[2, 30, 4, 0, 5234, 1, 1, 4, 3, 0, 2, 3, 28, 2, 2, 2, 4, 2, 0, 1]",0,0,"[3.081615749121666, 27.776441201853732, 4.0, 0.0, 5234.0, 1.0, 1.0, 4.0, 3.0, 0.0, 2.0, 3.0, 28.0, 2.0, 2.0, 2.0, 4.0, 2.0, 0.0, 1.0]",1,True,False,16,38.2,nn,0.745,0.019571067206296006,0.059785533603148006
credit,1,42,4,174,4,"[2, 30, 4, 0, 5234, 1, 1, 4, 3, 0, 2, 3, 28, 2, 2, 2, 4, 2, 0, 1]",0,0,"[2.5146793565579078, 20.06196828034649, 4.0, 0.0, 5234.0, 1.0, 1.0, 4.0, 3.0, 0.0, 2.0, 3.0, 28.0, 2.0, 2.0, 2.0, 4.0, 2.0, 0.0, 1.0]",1,True,False,16,38.108,nn,0.745,0.01547940019239118,0.05773970009619559
credit,1,42,4,175,0,"[2, 24, 3, 2, 2064, 1, 1, 3, 1, 0, 2, 2, 34, 2, 2, 1, 4, 2, 1, 1]",0,0,"[2.579404891310283, 24.0, 3.0, 2.0, 2064.0, 1.0, 1.0, 3.0, 1.0, 0.0, 2.0, 2.0, 34.0, 2.0, 2.0, 1.0, 4.0, 2.0, 1.0, 1.0]",1,True,False,16,34.894,nn,0.745,0.00965674818850472,0.02982837409425236
credit,1,42,4,175,1,"[2, 24, 3, 2, 2064, 1, 1, 3, 1, 0, 2, 2, 34, 2, 2, 1, 4, 2, 1, 1]",0,0,"[2.6055121001926116, 24.0, 3.0, 2.0, 2064.0, 1.0, 1.0, 3.0, 1.0, 0.0, 2.0, 2.0, 34.0, 2.0, 2.0, 1.0, 4.0, 2.0, 1.0, 1.0]",1,True,False,16,35.864,nn,0.745,0.010091868336543526,0.030045934168271764
credit,1,42,4,175,2,"[2, 24, 3, 2, 2064, 1, 1, 3, 1, 0, 2, 2, 34, 2, 2, 1, 4, 2, 1, 1]",0,0,"[2.536655865730639, 24.0, 3.0, 2.0, 2064.0, 1.0, 1.0, 3.0, 1.0, 0.0, 2.0, 2.0, 34.0, 2.0, 2.0, 1.0, 4.0, 2.0, 1.0, 1.0]",1,True,False,16,35.505,nn,0.745,0.00894426442884398,0.029472132214421992
credit,1,42,4,175,3,"[2, 24, 3, 2, 2064, 1, 1, 3, 1, 0, 2, 2, 34, 2, 2, 1, 4, 2, 1, 1]",0,0,"[2.546997574307213, 24.0, 3.0, 2.0, 2064.0, 1.0, 1.0, 3.0, 1.0, 0.0, 2.0, 2.0, 34.0, 2.0, 2.0, 1.0, 4.0, 2.0, 1.0, 1.0]",1,True,False,16,35.534,nn,0.745,0.009116626238453551,0.029558313119226777
credit,1,42,4,175,4,"[2, 24, 3, 2, 2064, 1, 1, 3, 1, 0, 2, 2, 34, 2, 2, 1, 4, 2, 1, 1]",0,0,"[2.5498508967310833, 24.0, 3.0, 2.0, 2064.0, 1.0, 1.0, 3.0, 1.0, 0.0, 2.0, 2.0, 34.0, 2.0, 2.0, 1.0, 4.0, 2.0, 1.0, 1.0]",1,True,False,16,35.509,nn,0.745,0.009164181612184723,0.029582090806092365
credit,1,42,4,177,0,"[2, 27, 2, 8, 3915, 1, 3, 4, 2, 0, 2, 3, 36, 2, 2, 1, 3, 1, 1, 1]",0,0,"[1.9962858644663661, 18.5269908382423, 2.0, 8.0, 3915.0, 1.0, 3.0, 4.0, 2.0, 0.0, 2.0, 3.0, 36.0, 2.0, 2.0, 1.0, 3.0, 1.0, 1.0, 1.0]",1,True,False,16,35.133,nn,0.745,0.0059459363990034125,0.05297296819950171
credit,1,42,4,177,1,"[2, 27, 2, 8, 3915, 1, 3, 4, 2, 0, 2, 3, 36, 2, 2, 1, 3, 1, 1, 1]",0,0,"[2.806964863925349, 27.0, 2.0, 8.0, 3915.0, 1.0, 3.0, 4.0, 2.0, 0.0, 2.0, 3.0, 36.0, 2.0, 2.0, 1.0, 3.0, 1.0, 1.0, 1.0]",1,True,False,16,36.267,nn,0.745,0.013449414398755813,0.03172470719937791
credit,1,42,4,177,2,"[2, 27, 2, 8, 3915, 1, 3, 4, 2, 0, 2, 3, 36, 2, 2, 1, 3, 1, 1, 1]",0,0,"[2.8382766403398967, 27.0, 2.0, 8.0, 3915.0, 1.0, 3.0, 4.0, 2.0, 0.0, 2.0, 3.0, 36.0, 2.0, 2.0, 1.0, 3.0, 1.0, 1.0, 1.0]",1,True,False,16,36.21,nn,0.745,0.013971277338998278,0.03198563866949914
credit,1,42,4,177,3,"[2, 27, 2, 8, 3915, 1, 3, 4, 2, 0, 2, 3, 36, 2, 2, 1, 3, 1, 1, 1]",0,0,"[2.805358048830494, 27.0, 2.0, 8.0, 3915.0, 1.0, 3.0, 4.0, 2.0, 0.0, 2.0, 3.0, 36.0, 2.0, 2.0, 1.0, 3.0, 1.0, 1.0, 1.0]",1,True,False,16,36.216,nn,0.745,0.013422634147174898,0.03171131707358745
credit,1,42,4,177,4,"[2, 27, 2, 8, 3915, 1, 3, 4, 2, 0, 2, 3, 36, 2, 2, 1, 3, 1, 1, 1]",0,0,"[2.849179482642741, 27.0, 2.0, 8.0, 3915.0, 1.0, 3.0, 4.0, 2.0, 0.0, 2.0, 3.0, 36.0, 2.0, 2.0, 1.0, 3.0, 1.0, 1.0, 1.0]",1,True,False,16,35.956,nn,0.745,0.014152991377379014,0.032076495688689505
credit,1,42,4,178,0,"[1, 18, 0, 2, 3114, 1, 2, 1, 1, 0, 4, 2, 26, 2, 1, 1, 3, 2, 0, 1]",0,0,"[2.6804969769868676, 18.0, 0.0, 2.0, 3114.0, 1.0, 2.0, 1.0, 1.0, 0.0, 4.0, 2.0, 26.0, 2.0, 1.0, 1.0, 3.0, 2.0, 0.0, 1.0]",1,True,False,16,34.699,nn,0.745,0.028008282949781128,0.039004141474890563
credit,1,42,4,178,1,"[1, 18, 0, 2, 3114, 1, 2, 1, 1, 0, 4, 2, 26, 2, 1, 1, 3, 2, 0, 1]",0,0,"[2.745516807545794, 18.0, 0.0, 2.0, 3114.0, 1.0, 2.0, 1.0, 1.0, 0.0, 4.0, 2.0, 26.0, 2.0, 1.0, 1.0, 3.0, 2.0, 0.0, 1.0]",1,True,False,16,35.527,nn,0.745,0.029091946792429903,0.039545973396214955
credit,1,42,4,178,2,"[1, 18, 0, 2, 3114, 1, 2, 1, 1, 0, 4, 2, 26, 2, 1, 1, 3, 2, 0, 1]",0,0,"[2.7191132706459573, 18.0, 0.0, 2.0, 3114.0, 1.0, 2.0, 1.0, 1.0, 0.0, 4.0, 2.0, 26.0, 2.0, 1.0, 1.0, 3.0, 2.0, 0.0, 1.0]",1,True,False,16,35.511,nn,0.745,0.02865188784409929,0.03932594392204965
credit,1,42,4,178,3,"[1, 18, 0, 2, 3114, 1, 2, 1, 1, 0, 4, 2, 26, 2, 1, 1, 3, 2, 0, 1]",0,0,"[2.6927188942844382, 18.0, 0.0, 2.0, 3114.0, 1.0, 2.0, 1.0, 1.0, 0.0, 4.0, 2.0, 26.0, 2.0, 1.0, 1.0, 3.0, 2.0, 0.0, 1.0]",1,True,False,16,35.515,nn,0.745,0.028211981571407304,0.039105990785703655
credit,1,42,4,178,4,"[1, 18, 0, 2, 3114, 1, 2, 1, 1, 0, 4, 2, 26, 2, 1, 1, 3, 2, 0, 1]",0,0,"[2.74445050512545, 18.0, 0.0, 2.0, 3114.0, 1.0, 2.0, 1.0, 1.0, 0.0, 4.0, 2.0, 26.0, 2.0, 1.0, 1.0, 3.0, 2.0, 0.0, 1.0]",1,True,False,16,35.479,nn,0.745,0.029074175085424165,0.03953708754271208
credit,1,42,4,179,0,"[1, 18, 4, 2, 2124, 1, 3, 4, 1, 0, 4, 1, 24, 2, 1, 2, 3, 2, 0, 1]",0,0,"[1.0, 18.0, 4.0, 2.0, 2124.0, 1.0, 4.403387283476668, 4.0, 1.0, 0.0, 4.0, 1.0, 24.0, 2.0, 1.0, 2.0, 3.0, 2.0, 0.0, 1.0]",1,True,False,16,34.935,nn,0.745,0.017542341043458354,0.03377117052172918
credit,1,42,4,179,1,"[1, 18, 4, 2, 2124, 1, 3, 4, 1, 0, 4, 1, 24, 2, 1, 2, 3, 2, 0, 1]",0,0,"[1.0, 18.0, 4.0, 2.0, 2124.0, 1.0, 4.415816272358933, 4.0, 1.0, 0.0, 4.0, 1.0, 24.0, 2.0, 1.0, 2.0, 3.0, 2.0, 0.0, 1.0]",1,True,False,16,36.261,nn,0.745,0.017697703404486665,0.03384885170224333
credit,1,42,4,179,2,"[1, 18, 4, 2, 2124, 1, 3, 4, 1, 0, 4, 1, 24, 2, 1, 2, 3, 2, 0, 1]",0,0,"[1.0, 18.0, 4.0, 2.0, 2124.0, 1.0, 3.0, 4.0, 1.0, 0.0, 4.0, 1.0, 44.20741894434464, 2.0, 1.0, 2.0, 3.0, 2.0, 0.0, 1.0]",1,True,False,16,36.2,nn,0.745,0.017725806091530388,0.0338629030457652
credit,1,42,4,179,3,"[1, 18, 4, 2, 2124, 1, 3, 4, 1, 0, 4, 1, 24, 2, 1, 2, 3, 2, 0, 1]",0,0,"[1.0, 18.0, 4.0, 2.0, 2124.0, 1.0, 3.0, 4.0, 1.0, 0.0, 4.0, 1.0, 42.59370519582022, 2.0, 1.0, 2.0, 3.0, 2.0, 0.0, 1.0]",1,True,False,16,36.211,nn,0.745,0.016310267715631772,0.03315513385781589
credit,1,42,4,179,4,"[1, 18, 4, 2, 2124, 1, 3, 4, 1, 0, 4, 1, 24, 2, 1, 2, 3, 2, 0, 1]",0,0,"[1.0, 12.358336330198108, 4.0, 2.0, 2124.0, 1.0, 3.0, 4.0, 1.0, 0.0, 4.0, 1.0, 24.0, 2.0, 1.0, 2.0, 3.0, 2.0, 0.0, 1.0]",1,True,False,16,35.865,nn,0.745,0.003917821992917981,0.02695891099645899
credit,1,42,4,180,0,"[1, 18, 1, 2, 1553, 1, 3, 4, 2, 0, 3, 3, 44, 0, 2, 1, 3, 2, 0, 1]",0,0,"[3.586137514425678, 18.0, 1.0, 2.0, 1553.0, 1.0, 3.0, 4.0, 2.0, 0.0, 3.0, 3.0, 44.0, 0.0, 2.0, 1.0, 3.0, 2.0, 0.0, 1.0]",1,True,False,16,35.054,nn,0.745,0.043102291907094636,0.04655114595354732
credit,1,42,4,180,1,"[1, 18, 1, 2, 1553, 1, 3, 4, 2, 0, 3, 3, 44, 0, 2, 1, 3, 2, 0, 1]",0,0,"[3.573173515884223, 18.0, 1.0, 2.0, 1553.0, 1.0, 3.0, 4.0, 2.0, 0.0, 3.0, 3.0, 44.0, 0.0, 2.0, 1.0, 3.0, 2.0, 0.0, 1.0]",1,True,False,16,36.283,nn,0.745,0.04288622526473705,0.04644311263236853
credit,1,42,4,180,2,"[1, 18, 1, 2, 1553, 1, 3, 4, 2, 0, 3, 3, 44, 0, 2, 1, 3, 2, 0, 1]",0,0,"[3.582475024063275, 18.0, 1.0, 2.0, 1553.0, 1.0, 3.0, 4.0, 2.0, 0.0, 3.0, 3.0, 44.0, 0.0, 2.0, 1.0, 3.0, 2.0, 0.0, 1.0]",1,True,False,16,36.199,nn,0.745,0.04304125040105458,0.04652062520052729
credit,1,42,4,180,3,"[1, 18, 1, 2, 1553, 1, 3, 4, 2, 0, 3, 3, 44, 0, 2, 1, 3, 2, 0, 1]",0,0,"[3.5820098100737905, 18.0, 1.0, 2.0, 1553.0, 1.0, 3.0, 4.0, 2.0, 0.0, 3.0, 3.0, 44.0, 0.0, 2.0, 1.0, 3.0, 2.0, 0.0, 1.0]",1,True,False,16,36.21,nn,0.745,0.04303349683456317,0.04651674841728159
credit,1,42,4,180,4,"[1, 18, 1, 2, 1553, 1, 3, 4, 2, 0, 3, 3, 44, 0, 2, 1, 3, 2, 0, 1]",0,0,"[3.5826303412393146, 18.0, 1.0, 2.0, 1553.0, 1.0, 3.0, 4.0, 2.0, 0.0, 3.0, 3.0, 44.0, 0.0, 2.0, 1.0, 3.0, 2.0, 0.0, 1.0]",1,True,False,16,35.836,nn,0.745,0.04304383902065525,0.04652191951032762
credit,1,42,4,182,0,"[1, 12, 2, 2, 1282, 1, 3, 2, 1, 0, 4, 3, 20, 2, 1, 1, 3, 2, 0, 1]",0,0,"[2.5411444605045883, 12.0, 2.0, 2.0, 1282.0, 1.0, 3.0, 2.0, 1.0, 0.0, 4.0, 3.0, 20.0, 2.0, 1.0, 1.0, 3.0, 2.0, 0.0, 1.0]",1,True,False,16,34.921,nn,0.745,0.02568574100840981,0.03784287050420491
credit,1,42,4,182,1,"[1, 12, 2, 2, 1282, 1, 3, 2, 1, 0, 4, 3, 20, 2, 1, 1, 3, 2, 0, 1]",0,0,"[2.538667495319112, 12.0, 2.0, 2.0, 1282.0, 1.0, 3.0, 2.0, 1.0, 0.0, 4.0, 3.0, 20.0, 2.0, 1.0, 1.0, 3.0, 2.0, 0.0, 1.0]",1,True,False,16,35.274,nn,0.745,0.02564445825531854,0.03782222912765927
credit,1,42,4,182,2,"[1, 12, 2, 2, 1282, 1, 3, 2, 1, 0, 4, 3, 20, 2, 1, 1, 3, 2, 0, 1]",0,0,"[2.5981671381955698, 12.0, 2.0, 2.0, 1282.0, 1.0, 3.0, 2.0, 1.0, 0.0, 4.0, 3.0, 20.0, 2.0, 1.0, 1.0, 3.0, 2.0, 0.0, 1.0]",1,True,False,16,35.128,nn,0.745,0.026636118969926167,0.038318059484963085
credit,1,42,4,182,3,"[1, 12, 2, 2, 1282, 1, 3, 2, 1, 0, 4, 3, 20, 2, 1, 1, 3, 2, 0, 1]",0,0,"[2.5325200335311115, 12.0, 2.0, 2.0, 1282.0, 1.0, 3.0, 2.0, 1.0, 0.0, 4.0, 3.0, 20.0, 2.0, 1.0, 1.0, 3.0, 2.0, 0.0, 1.0]",1,True,False,16,35.353,nn,0.745,0.02554200055885186,0.03777100027942593
credit,1,42,4,182,4,"[1, 12, 2, 2, 1282, 1, 3, 2, 1, 0, 4, 3, 20, 2, 1, 1, 3, 2, 0, 1]",0,0,"[2.5823283693088683, 12.0, 2.0, 2.0, 1282.0, 1.0, 3.0, 2.0, 1.0, 0.0, 4.0, 3.0, 20.0, 2.0, 1.0, 1.0, 3.0, 2.0, 0.0, 1.0]",1,True,False,16,35.317,nn,0.745,0.02637213948848114,0.038186069744240575
credit,1,42,4,183,0,"[1, 48, 0, 1, 4605, 1, 5, 3, 2, 0, 4, 4, 24, 2, 3, 2, 3, 1, 0, 1]",0,0,"[3.113410200731748, 34.09022534782206, 0.0, 1.0, 4605.0, 1.0, 5.0, 3.0, 2.0, 0.0, 4.0, 4.0, 24.0, 2.0, 3.0, 2.0, 3.0, 1.0, 0.0, 1.0]",1,True,False,16,34.922,nn,0.745,0.04488306907620826,0.07244153453810413
credit,1,42,4,183,1,"[1, 48, 0, 1, 4605, 1, 5, 3, 2, 0, 4, 4, 24, 2, 3, 2, 3, 1, 0, 1]",0,0,"[3.15072612496074, 34.45586049200207, 0.0, 1.0, 4605.0, 1.0, 5.0, 3.0, 2.0, 0.0, 4.0, 4.0, 24.0, 2.0, 3.0, 2.0, 3.0, 1.0, 0.0, 1.0]",1,True,False,16,36.237,nn,0.745,0.04525108785212201,0.072625543926061
credit,1,42,4,183,2,"[1, 48, 0, 1, 4605, 1, 5, 3, 2, 0, 4, 4, 24, 2, 3, 2, 3, 1, 0, 1]",0,0,"[2.962536204792565, 30.238331664775597, 0.0, 1.0, 4605.0, 1.0, 5.0, 3.0, 2.0, 0.0, 4.0, 4.0, 24.0, 2.0, 3.0, 2.0, 3.0, 1.0, 0.0, 1.0]",1,True,False,16,36.198,nn,0.745,0.04504342864600415,0.07252171432300208
credit,1,42,4,183,3,"[1, 48, 0, 1, 4605, 1, 5, 3, 2, 0, 4, 4, 24, 2, 3, 2, 3, 1, 0, 1]",0,0,"[3.2104243711099305, 37.63288849815587, 0.0, 1.0, 4605.0, 1.0, 5.0, 3.0, 2.0, 0.0, 4.0, 4.0, 24.0, 2.0, 3.0, 2.0, 3.0, 1.0, 0.0, 1.0]",1,True,False,16,36.21,nn,0.745,0.04403978917255727,0.07201989458627864
credit,1,42,4,183,4,"[1, 48, 0, 1, 4605, 1, 5, 3, 2, 0, 4, 4, 24, 2, 3, 2, 3, 1, 0, 1]",0,0,"[2.9855174505153594, 30.473735828650522, 0.0, 1.0, 4605.0, 1.0, 5.0, 3.0, 2.0, 0.0, 4.0, 4.0, 24.0, 2.0, 3.0, 2.0, 3.0, 1.0, 0.0, 1.0]",1,True,False,16,35.839,nn,0.745,0.04526297429424869,0.07263148714712435
credit,1,42,4,184,0,"[1, 18, 2, 2, 2039, 1, 3, 1, 1, 0, 4, 1, 20, 2, 1, 1, 3, 2, 0, 1]",0,0,"[1.0, 18.0, 2.0, 2.0, 2036.9906868693522, 1.0, 3.0, 1.0, 1.0, 0.0, 4.0, 1.0, 20.0, 2.0, 1.0, 1.0, 3.0, 2.0, 0.0, 1.0]",1,True,False,16,34.537,nn,0.745,5.086868685184297e-06,0.025002543434342595
credit,1,42,4,184,1,"[1, 18, 2, 2, 2039, 1, 3, 1, 1, 0, 4, 1, 20, 2, 1, 1, 3, 2, 0, 1]",0,0,"[1.0, 18.0, 2.0, 2.0, 2030.6914684197468, 1.0, 3.0, 1.0, 1.0, 0.0, 4.0, 1.0, 20.0, 2.0, 1.0, 1.0, 3.0, 2.0, 0.0, 1.0]",1,True,False,16,35.267,nn,0.745,2.103425716519798e-05,0.0250105171285826
credit,1,42,4,184,2,"[1, 18, 2, 2, 2039, 1, 3, 1, 1, 0, 4, 1, 20, 2, 1, 1, 3, 2, 0, 1]",0,0,"[1.0, 18.0, 2.0, 2.0, 2036.3315055164585, 1.0, 3.0, 1.0, 1.0, 0.0, 4.0, 1.0, 20.0, 2.0, 1.0, 1.0, 3.0, 2.0, 0.0, 1.0]",1,True,False,16,35.163,nn,0.745,6.755682236813945e-06,0.025003377841118408
credit,1,42,4,184,3,"[1, 18, 2, 2, 2039, 1, 3, 1, 1, 0, 4, 1, 20, 2, 1, 1, 3, 2, 0, 1]",0,0,"[1.0, 18.0, 2.0, 2.0, 2037.1084089893325, 1.0, 3.0, 1.0, 1.0, 0.0, 4.0, 1.0, 20.0, 2.0, 1.0, 1.0, 3.0, 2.0, 0.0, 1.0]",1,True,False,16,35.183,nn,0.745,4.788838001689939e-06,0.025002394419000845
credit,1,42,4,184,4,"[1, 18, 2, 2, 2039, 1, 3, 1, 1, 0, 4, 1, 20, 2, 1, 1, 3, 2, 0, 1]",0,0,"[1.0, 18.0, 2.0, 2.0, 2036.8579902863546, 1.0, 3.0, 1.0, 1.0, 0.0, 4.0, 1.0, 20.0, 2.0, 1.0, 1.0, 3.0, 2.0, 0.0, 1.0]",1,True,False,16,35.259,nn,0.745,5.422809401633907e-06,0.02500271140470082
credit,1,42,4,191,0,"[2, 24, 2, 3, 3092, 2, 2, 3, 3, 0, 2, 3, 22, 2, 1, 1, 3, 2, 1, 1]",0,0,"[2.6996321744779554, 24.0, 2.0, 3.0, 3092.0, 2.0, 2.0, 3.0, 3.0, 0.0, 2.0, 3.0, 22.0, 2.0, 1.0, 1.0, 3.0, 2.0, 1.0, 1.0]",1,True,False,16,34.802,nn,0.745,0.011660536241299257,0.03083026812064963
credit,1,42,4,191,1,"[2, 24, 2, 3, 3092, 2, 2, 3, 3, 0, 2, 3, 22, 2, 1, 1, 3, 2, 1, 1]",0,0,"[1.966699221048203, 19.78768756920324, 2.0, 3.0, 3092.0, 2.0, 2.0, 3.0, 3.0, 0.0, 2.0, 3.0, 22.0, 2.0, 1.0, 1.0, 3.0, 2.0, 1.0, 1.0]",1,True,False,16,36.284,nn,0.745,0.003480229948361033,0.05174011497418052
credit,1,42,4,191,2,"[2, 24, 2, 3, 3092, 2, 2, 3, 3, 0, 2, 3, 22, 2, 1, 1, 3, 2, 1, 1]",0,0,"[2.740886017656179, 24.0, 2.0, 3.0, 3092.0, 2.0, 2.0, 3.0, 3.0, 0.0, 2.0, 3.0, 22.0, 2.0, 1.0, 1.0, 3.0, 2.0, 1.0, 1.0]",1,True,False,16,36.194,nn,0.745,0.01234810029426965,0.031174050147134827
credit,1,42,4,191,3,"[2, 24, 2, 3, 3092, 2, 2, 3, 3, 0, 2, 3, 22, 2, 1, 1, 3, 2, 1, 1]",0,0,"[2.65074570239647, 24.0, 2.0, 3.0, 3092.0, 2.0, 2.0, 3.0, 3.0, 0.0, 2.0, 3.0, 22.0, 2.0, 1.0, 1.0, 3.0, 2.0, 1.0, 1.0]",1,True,False,16,36.209,nn,0.745,0.010845761706607834,0.03042288085330392
credit,1,42,4,191,4,"[2, 24, 2, 3, 3092, 2, 2, 3, 3, 0, 2, 3, 22, 2, 1, 1, 3, 2, 1, 1]",0,0,"[2.694036447338724, 24.0, 2.0, 3.0, 3092.0, 2.0, 2.0, 3.0, 3.0, 0.0, 2.0, 3.0, 22.0, 2.0, 1.0, 1.0, 3.0, 2.0, 1.0, 1.0]",1,True,False,16,35.783,nn,0.745,0.011567274122312066,0.030783637061156034
credit,1,42,4,192,0,"[2, 48, 2, 2, 9960, 1, 2, 1, 1, 0, 2, 3, 26, 0, 2, 1, 3, 2, 1, 1]",0,0,"[2.015407104388462, 21.143570633560756, 2.0, 2.0, 9960.0, 1.0, 2.0, 1.0, 1.0, 0.0, 2.0, 3.0, 26.0, 0.0, 2.0, 1.0, 3.0, 2.0, 1.0, 1.0]",1,True,False,16,35.047,nn,0.745,0.018907083244279397,0.0594535416221397
credit,1,42,4,192,1,"[2, 48, 2, 2, 9960, 1, 2, 1, 1, 0, 2, 3, 26, 0, 2, 1, 3, 2, 1, 1]",0,0,"[2.027231139884344, 22.28979311518028, 2.0, 2.0, 9960.0, 1.0, 2.0, 1.0, 1.0, 0.0, 2.0, 3.0, 26.0, 0.0, 2.0, 1.0, 3.0, 2.0, 1.0, 1.0]",1,True,False,16,36.29,nn,0.745,0.018308162668086096,0.059154081334043054
credit,1,42,4,192,2,"[2, 48, 2, 2, 9960, 1, 2, 1, 1, 0, 2, 3, 26, 0, 2, 1, 3, 2, 1, 1]",0,0,"[1.9998665101679474, 21.715933034738566, 2.0, 2.0, 9960.0, 1.0, 2.0, 1.0, 1.0, 0.0, 2.0, 3.0, 26.0, 0.0, 2.0, 1.0, 3.0, 2.0, 1.0, 1.0]",1,True,False,16,36.198,nn,0.745,0.018255049111965762,0.059127524555982885
credit,1,42,4,192,3,"[2, 48, 2, 2, 9960, 1, 2, 1, 1, 0, 2, 3, 26, 0, 2, 1, 3, 2, 1, 1]",0,0,"[2.060867746911201, 22.18872231676796, 2.0, 2.0, 9960.0, 1.0, 2.0, 1.0, 1.0, 0.0, 2.0, 3.0, 26.0, 0.0, 2.0, 1.0, 3.0, 2.0, 1.0, 1.0]",1,True,False,16,36.201,nn,0.745,0.018938960839653376,0.05946948041982669
credit,1,42,4,192,4,"[2, 48, 2, 2, 9960, 1, 2, 1, 1, 0, 2, 3, 26, 0, 2, 1, 3, 2, 1, 1]",0,0,"[2.0, 10.290747462526836, 2.0, 2.0, 9960.0, 1.0, 2.0, 1.0, 1.0, 0.0, 2.0, 3.0, 26.0, 0.0, 2.0, 1.0, 3.0, 2.0, 1.0, 1.0]",1,True,False,16,35.721,nn,0.745,0.02618698092880081,0.03809349046440041
credit,1,42,4,196,0,"[2, 24, 2, 0, 2718, 1, 3, 3, 1, 0, 4, 2, 20, 2, 1, 1, 2, 2, 1, 1]",0,0,"[3.5895808193676384, 24.0, 2.0, 0.0, 2718.0, 1.0, 3.0, 3.0, 1.0, 0.0, 4.0, 2.0, 20.0, 2.0, 1.0, 1.0, 2.0, 2.0, 1.0, 1.0]",1,True,False,16,35.0,nn,0.745,0.026493013656127308,0.03824650682806366
credit,1,42,4,196,1,"[2, 24, 2, 0, 2718, 1, 3, 3, 1, 0, 4, 2, 20, 2, 1, 1, 2, 2, 1, 1]",0,0,"[2.119158287891221, 8.318104663509203, 2.0, 0.0, 2718.0, 1.0, 3.0, 3.0, 1.0, 0.0, 4.0, 2.0, 20.0, 2.0, 1.0, 1.0, 2.0, 2.0, 1.0, 1.0]",1,True,False,16,36.295,nn,0.745,0.012876176559638963,0.056438088279819484
credit,1,42,4,196,2,"[2, 24, 2, 0, 2718, 1, 3, 3, 1, 0, 4, 2, 20, 2, 1, 1, 2, 2, 1, 1]",0,0,"[3.498155593083819, 24.0, 2.0, 0.0, 2718.0, 1.0, 3.0, 3.0, 1.0, 0.0, 4.0, 2.0, 20.0, 2.0, 1.0, 1.0, 2.0, 2.0, 1.0, 1.0]",1,True,False,16,36.2,nn,0.745,0.02496925988473032,0.037484629942365164
credit,1,42,4,196,3,"[2, 24, 2, 0, 2718, 1, 3, 3, 1, 0, 4, 2, 20, 2, 1, 1, 2, 2, 1, 1]",0,0,"[3.5669735726240783, 24.0, 2.0, 0.0, 2718.0, 1.0, 3.0, 3.0, 1.0, 0.0, 4.0, 2.0, 20.0, 2.0, 1.0, 1.0, 2.0, 2.0, 1.0, 1.0]",1,True,False,16,36.199,nn,0.745,0.026116226210401307,0.03805811310520066
credit,1,42,4,196,4,"[2, 24, 2, 0, 2718, 1, 3, 3, 1, 0, 4, 2, 20, 2, 1, 1, 2, 2, 1, 1]",0,0,"[3.6356694101655957, 24.0, 2.0, 0.0, 2718.0, 1.0, 3.0, 3.0, 1.0, 0.0, 4.0, 2.0, 20.0, 2.0, 1.0, 1.0, 2.0, 2.0, 1.0, 1.0]",1,True,False,16,35.718,nn,0.745,0.027261156836093266,0.03863057841804664
