dataset,desired_class,overall_seed,fold_idx,test_sample_idx,rep_idx,x,pred_class_x,true_class_x,z,pred_class_z,check_plausibility,opt_C_robust,opt_K_robust,run_time,blackbox,blackbox_test_acc
compas,0,42,3,0,0,"[41, 1, 2, 14, 1, 0, 1, 0, 1, 6]",1,0,"[41.0, 1.0, 2.0, 13.996049538119134, 1.0, 0.0, 1.0, 0.0, 0.0, 23.84682641684979]",0,True,True,64,62.988,nn,0.78
compas,0,42,3,0,1,"[41, 1, 2, 14, 1, 0, 1, 0, 1, 6]",1,0,"[41.0, 1.0, 2.0, 13.994845435187823, 1.0, 0.0, 1.0, 0.0, 0.0, 10.811747375912255]",0,True,True,64,59.732,nn,0.78
compas,0,42,3,0,2,"[41, 1, 2, 14, 1, 0, 1, 0, 1, 6]",1,0,"[41.0, 1.0, 2.0, 13.994246779823179, 1.0, 0.0, 1.0, 0.0, 0.0, 1200.0]",0,True,True,64,59.674,nn,0.78
compas,0,42,3,0,3,"[41, 1, 2, 14, 1, 0, 1, 0, 1, 6]",1,0,"[41.0, 1.0, 2.0, 14.0207266015476, 1.0, 0.0, 1.0, 0.0, 0.0, 10.25525235546676]",0,True,True,64,59.676,nn,0.78
compas,0,42,3,0,4,"[41, 1, 2, 14, 1, 0, 1, 0, 1, 6]",1,0,"[41.0, 1.0, 2.0, 13.998959295561283, 1.0, 0.0, 1.0, 0.0, 0.0, 10.550177402663573]",0,True,True,64,59.774,nn,0.78
compas,0,42,3,1,0,"[31, 1, 0, 7, 22, 0, 1, 0, 1, 3]",1,0,"[31.0, 1.0, 0.0, 6.997344874177303, 22.0, 0.0, 1.0, 0.0, 0.0, 10.514409516707271]",0,True,True,64,60.97,nn,0.78
compas,0,42,3,1,1,"[31, 1, 0, 7, 22, 0, 1, 0, 1, 3]",1,0,"[31.0, 1.0, 0.0, 7.040327703174632, 22.0, 0.0, 1.0, 0.0, 0.0, 3.048641906266404]",0,True,True,64,59.153,nn,0.78
compas,0,42,3,1,2,"[31, 1, 0, 7, 22, 0, 1, 0, 1, 3]",1,0,"[31.0, 1.0, 0.0, 7.00620729440104, 22.0, 0.0, 1.0, 0.0, 0.0, 15.623378737596223]",0,True,True,64,59.388,nn,0.78
compas,0,42,3,1,3,"[31, 1, 0, 7, 22, 0, 1, 0, 1, 3]",1,0,"[31.0, 1.0, 0.0, 6.989096953779551, 22.0, 0.0, 1.0, 0.0, 0.0, 10.684195204532422]",0,True,True,64,59.458,nn,0.78
compas,0,42,3,1,4,"[31, 1, 0, 7, 22, 0, 1, 0, 1, 3]",1,0,"[32.383899140107836, 1.0, 0.0, 7.006886514796715, 22.0, 0.0, 1.0, 0.0, 0.0, 6.735212466852568]",0,True,True,64,59.411,nn,0.78
compas,0,42,3,3,0,"[34, 1, 0, 21, 0, 0, 1, 0, 1, 33]",1,1,"[34.0, 1.0, 0.0, 20.994147788980843, 0.017529848138579496, 0.0, 1.0, 0.0, 0.0, 1200.0]",0,True,True,64,63.02,nn,0.78
compas,0,42,3,3,1,"[34, 1, 0, 21, 0, 0, 1, 0, 1, 33]",1,1,"[34.0, 1.0, 0.0, 20.99744035986688, 0.04397471547045484, 0.0, 1.0, 0.0, 0.0, 1200.0]",0,True,True,64,60.161,nn,0.78
compas,0,42,3,3,2,"[34, 1, 0, 21, 0, 0, 1, 0, 1, 33]",1,1,"[34.0, 1.0, 0.0, 20.9995981908211, 0.6630753134051979, 0.0, 1.0, 0.0, 0.0, 1200.0]",0,True,True,64,60.012,nn,0.78
compas,0,42,3,3,3,"[34, 1, 0, 21, 0, 0, 1, 0, 1, 33]",1,1,"[34.0, 1.0, 0.0, 21.002609322112217, 0.014152708300493089, 0.0, 1.0, 0.0, 0.0, 1172.9719427244213]",0,True,True,64,60.256,nn,0.78
compas,0,42,3,3,4,"[34, 1, 0, 21, 0, 0, 1, 0, 1, 33]",1,1,"[34.0, 1.0, 0.0, 20.999108913776343, 0.10499307925630319, 0.0, 1.0, 0.0, 0.0, 1200.0]",0,True,True,64,59.969,nn,0.78
compas,0,42,3,6,0,"[35, 1, 0, 13, 1, 0, 1, 1, 1, 0]",1,1,"[35.0, 1.0, 0.0, 13.0, 1.0, 0.0, 1.0, 1.0, 0.0, 1082.3090223821605]",0,True,True,64,61.855,nn,0.78
compas,0,42,3,6,1,"[35, 1, 0, 13, 1, 0, 1, 1, 1, 0]",1,1,"[35.0, 1.0, 0.0, 13.0, 1.0, 0.0, 1.0, 1.0, 0.0, 1090.213040675305]",0,True,True,64,60.528,nn,0.78
compas,0,42,3,6,2,"[35, 1, 0, 13, 1, 0, 1, 1, 1, 0]",1,1,"[35.0, 1.0, 0.0, 13.0, 1.0, 0.0, 1.0, 1.0, 0.0, 1200.0]",0,True,True,64,60.869,nn,0.78
compas,0,42,3,6,3,"[35, 1, 0, 13, 1, 0, 1, 1, 1, 0]",1,1,"[35.0, 1.0, 0.0, 13.0, 1.0, 0.0, 1.0, 1.0, 0.0, 1102.2421398942643]",0,True,True,64,60.355,nn,0.78
compas,0,42,3,6,4,"[35, 1, 0, 13, 1, 0, 1, 1, 1, 0]",1,1,"[35.0, 1.0, 0.0, 13.0, 1.0, 0.0, 1.0, 1.0, 0.0, 1093.3270811774532]",0,True,True,64,60.59,nn,0.78
compas,0,42,3,10,0,"[63, 1, 0, 10, 38, 1, 1, 0, 1, 35]",1,1,"[66.07708444982269, 1.0, 0.0, 10.0, 38.036426568898776, 0.0, 1.0, 0.0, 0.0, 1139.8822206996765]",0,True,True,64,61.902,nn,0.78
compas,0,42,3,10,1,"[63, 1, 0, 10, 38, 1, 1, 0, 1, 35]",1,1,"[63.3014123063089, 1.0, 0.0, 10.0, 35.583847916509136, 0.0, 1.0, 0.0, 0.0, 1147.820646186217]",0,True,True,64,59.749,nn,0.78
compas,0,42,3,10,2,"[63, 1, 0, 10, 38, 1, 1, 0, 1, 35]",1,1,"[63.05725628046625, 1.0, 0.0, 10.0, 37.865878387696476, 0.0, 1.0, 0.0, 0.0, 1133.3668662605787]",0,True,True,64,59.92,nn,0.78
compas,0,42,3,10,3,"[63, 1, 0, 10, 38, 1, 1, 0, 1, 35]",1,1,"[64.29743659271033, 1.0, 0.0, 10.0, 36.731693321824224, 0.0, 1.0, 0.0, 0.0, 1135.1072060791666]",0,True,True,64,60.227,nn,0.78
compas,0,42,3,10,4,"[63, 1, 0, 10, 38, 1, 1, 0, 1, 35]",1,1,"[63.44989145521776, 1.0, 0.0, 10.0, 37.16364739109899, 0.0, 1.0, 0.0, 0.0, 1133.2662143290875]",0,True,True,64,60.207,nn,0.78
compas,0,42,3,13,0,"[27, 1, 0, 6, 0, 0, 1, 0, 1, 30]",1,0,"[27.0, 1.0, 0.0, 6.0, 3.9996067191129328, 0.0, 1.0, 0.0, 0.0, 1171.3998837837714]",0,True,True,64,61.24,nn,0.78
compas,0,42,3,13,1,"[27, 1, 0, 6, 0, 0, 1, 0, 1, 30]",1,0,"[27.0, 1.0, 0.0, 6.0, 0.01062819958517025, 0.0, 1.0, 0.0, 0.0, 1200.0]",0,True,True,64,60.026,nn,0.78
compas,0,42,3,13,2,"[27, 1, 0, 6, 0, 0, 1, 0, 1, 30]",1,0,"[27.0, 1.0, 0.0, 6.0, 0.5688552716681059, 0.0, 1.0, 0.0, 0.0, 1176.9714898460265]",0,True,True,64,60.848,nn,0.78
compas,0,42,3,13,3,"[27, 1, 0, 6, 0, 0, 1, 0, 1, 30]",1,0,"[27.0, 1.0, 0.0, 6.0, 0.2981149124418465, 0.0, 1.0, 0.0, 0.0, 1200.0]",0,True,True,64,60.549,nn,0.78
compas,0,42,3,13,4,"[27, 1, 0, 6, 0, 0, 1, 0, 1, 30]",1,0,"[27.0, 1.0, 0.0, 6.0, 0.31514526563391954, 0.0, 1.0, 0.0, 0.0, 1200.0]",0,True,True,64,60.508,nn,0.78
compas,0,42,3,16,0,"[22, 1, 0, 2, 0, 0, 1, 0, 1, 30]",1,1,"[23.261527115412918, 1.0, 0.0, 2.0, 0.013293812824535678, 0.0, 1.0, 0.0, 0.0, 1200.0]",0,True,True,64,60.253,nn,0.78
compas,0,42,3,16,1,"[22, 1, 0, 2, 0, 0, 1, 0, 1, 30]",1,1,"[23.678849148113283, 1.0, 0.0, 2.0, 0.9651514774493695, 0.0, 1.0, 0.0, 0.0, 1174.2810511171556]",0,True,True,64,59.781,nn,0.78
compas,0,42,3,16,2,"[22, 1, 0, 2, 0, 0, 1, 0, 1, 30]",1,1,"[22.13668824444467, 1.0, 0.0, 2.0, 0.03277176797899628, 0.0, 1.0, 0.0, 0.0, 1138.9197470881384]",0,True,True,64,59.839,nn,0.78
compas,0,42,3,16,3,"[22, 1, 0, 2, 0, 0, 1, 0, 1, 30]",1,1,"[23.00939572051125, 1.0, 0.0, 2.0, 0.009387426224206408, 0.0, 1.0, 0.0, 0.0, 1200.0]",0,True,True,64,59.701,nn,0.78
compas,0,42,3,16,4,"[22, 1, 0, 2, 0, 0, 1, 0, 1, 30]",1,1,"[22.147073455832775, 1.0, 0.0, 2.0, 0.013573512590181025, 0.0, 1.0, 0.0, 0.0, 1168.8804667546515]",0,True,True,64,59.547,nn,0.78
compas,0,42,3,22,0,"[33, 1, 0, 28, 1, 0, 1, 0, 1, 1]",1,1,"[33.0, 1.0, 0.0, 28.006211663927253, 1.0, 0.0, 1.0, 0.0, 0.0, 1.2184012680818173]",0,True,True,64,62.918,nn,0.78
compas,0,42,3,22,1,"[33, 1, 0, 28, 1, 0, 1, 0, 1, 1]",1,1,"[33.0, 1.0, 0.0, 27.99790183633715, 1.0, 0.0, 1.0, 0.0, 0.0, 1200.0]",0,True,True,64,59.787,nn,0.78
compas,0,42,3,22,2,"[33, 1, 0, 28, 1, 0, 1, 0, 1, 1]",1,1,"[33.0, 1.0, 0.0, 28.00026270592246, 1.0, 0.0, 1.0, 0.0, 0.0, 1.4973675298188858]",0,True,True,64,59.889,nn,0.78
compas,0,42,3,22,3,"[33, 1, 0, 28, 1, 0, 1, 0, 1, 1]",1,1,"[33.0, 1.0, 0.0, 27.998657239198486, 1.0, 0.0, 1.0, 0.0, 0.0, 1.6643304987642784]",0,True,True,64,59.8,nn,0.78
compas,0,42,3,22,4,"[33, 1, 0, 28, 1, 0, 1, 0, 1, 1]",1,1,"[33.0, 1.0, 0.0, 27.998631090625402, 1.0, 0.0, 1.0, 0.0, 0.0, 2.726079453179933]",0,True,True,64,59.896,nn,0.78
compas,0,42,3,26,0,"[32, 1, 0, 11, 2, 0, 1, 1, 1, 1]",1,0,"[32.0, 1.0, 0.0, 10.983740106394173, 2.5303128461791893, 0.0, 1.0, 1.0, 0.0, 836.4333353259815]",0,True,True,64,62.178,nn,0.78
compas,0,42,3,26,1,"[32, 1, 0, 11, 2, 0, 1, 1, 1, 1]",1,0,"[32.1507725495124, 1.0, 0.0, 11.0, 1.955815096223675, 0.0, 1.0, 1.0, 0.0, 1200.0]",0,True,True,64,59.723,nn,0.78
compas,0,42,3,26,2,"[32, 1, 0, 11, 2, 0, 1, 1, 1, 1]",1,0,"[32.13866990378912, 1.0, 0.0, 11.0, 2.593769790476083, 0.0, 1.0, 1.0, 0.0, 1160.9812848293764]",0,True,True,64,59.665,nn,0.78
compas,0,42,3,26,3,"[32, 1, 0, 11, 2, 0, 1, 1, 1, 1]",1,0,"[32.30076330321153, 1.0, 0.0, 11.0, 2.0286800366791624, 0.0, 1.0, 1.0, 0.0, 1200.0]",0,True,True,64,59.748,nn,0.78
compas,0,42,3,26,4,"[32, 1, 0, 11, 2, 0, 1, 1, 1, 1]",1,0,"[32.15014682974484, 1.0, 0.0, 11.0, 1.9108608986650424, 0.0, 1.0, 1.0, 0.0, 1200.0]",0,True,True,64,59.678,nn,0.78
compas,0,42,3,35,0,"[45, 1, 2, 8, 0, 1, 1, 0, 1, 71]",1,0,"[45.0, 1.0, 2.0, 8.0, 0.6895466755822213, 0.0, 1.0, 0.0, 0.0, 1200.0]",0,True,True,64,63.274,nn,0.78
compas,0,42,3,35,1,"[45, 1, 2, 8, 0, 1, 1, 0, 1, 71]",1,0,"[45.0, 1.0, 2.0, 8.0, 5.967954998754301, 0.0, 1.0, 0.0, 0.0, 1165.1240623548285]",0,True,True,64,61.024,nn,0.78
compas,0,42,3,35,2,"[45, 1, 2, 8, 0, 1, 1, 0, 1, 71]",1,0,"[45.0, 1.0, 2.0, 8.0, 1.7008251458450587, 0.0, 1.0, 0.0, 0.0, 1200.0]",0,True,True,64,61.011,nn,0.78
compas,0,42,3,35,3,"[45, 1, 2, 8, 0, 1, 1, 0, 1, 71]",1,0,"[45.0, 1.0, 2.0, 8.0, 1.0916822905080235, 0.0, 1.0, 0.0, 0.0, 1200.0]",0,True,True,64,60.731,nn,0.78
compas,0,42,3,35,4,"[45, 1, 2, 8, 0, 1, 1, 0, 1, 71]",1,0,"[45.0, 1.0, 2.0, 8.0, 0.3054595172431247, 0.0, 1.0, 0.0, 0.0, 1200.0]",0,True,True,64,60.905,nn,0.78
compas,0,42,3,36,0,"[35, 0, 0, 23, 1, 0, 1, 0, 1, 2]",1,1,"[35.0, 0.0, 0.0, 22.993041910309785, 1.0, 0.0, 1.0, 0.0, 0.0, 1200.0]",0,True,True,64,59.93,nn,0.78
compas,0,42,3,36,1,"[35, 0, 0, 23, 1, 0, 1, 0, 1, 2]",1,1,"[39.04956232860235, 0.0, 0.0, 23.001127575324887, 1.0, 0.0, 1.0, 0.0, 0.0, 1200.0]",0,True,True,64,58.869,nn,0.78
compas,0,42,3,36,2,"[35, 0, 0, 23, 1, 0, 1, 0, 1, 2]",1,1,"[35.0, 0.0, 0.0, 23.002107118663996, 1.0, 0.0, 1.0, 0.0, 0.0, 2.3482569068989867]",0,True,True,64,59.512,nn,0.78
compas,0,42,3,36,3,"[35, 0, 0, 23, 1, 0, 1, 0, 1, 2]",1,1,"[35.0, 0.0, 0.0, 23.0, 1.081330959618171, 0.0, 1.0, 0.0, 0.0, 3.189447269103335]",0,True,True,64,59.844,nn,0.78
compas,0,42,3,36,4,"[35, 0, 0, 23, 1, 0, 1, 0, 1, 2]",1,1,"[35.0, 0.0, 0.0, 23.0, 1.0, 0.0, 1.0, 0.0, 0.0, 2.012099466432528]",0,True,True,64,59.884,nn,0.78
compas,0,42,3,41,0,"[27, 1, 0, 11, 1, 0, 1, 0, 1, 223]",1,1,"[28.45990504376962, 1.0, 0.0, 10.999436380521585, 1.0, 0.0, 1.0, 0.0, 0.0, 1200.0]",0,True,True,64,61.376,nn,0.78
compas,0,42,3,41,1,"[27, 1, 0, 11, 1, 0, 1, 0, 1, 223]",1,1,"[28.05700221793511, 1.0, 0.0, 11.001008585209803, 1.0, 0.0, 1.0, 0.0, 0.0, 1200.0]",0,True,True,64,58.862,nn,0.78
compas,0,42,3,41,2,"[27, 1, 0, 11, 1, 0, 1, 0, 1, 223]",1,1,"[27.269145778523626, 1.0, 0.0, 10.98950822470936, 1.0, 0.0, 1.0, 0.0, 0.0, 1200.0]",0,True,True,64,58.868,nn,0.78
compas,0,42,3,41,3,"[27, 1, 0, 11, 1, 0, 1, 0, 1, 223]",1,1,"[31.098185358712826, 1.0, 0.0, 10.995248723524627, 1.0, 0.0, 1.0, 0.0, 0.0, 1200.0]",0,True,True,64,58.966,nn,0.78
compas,0,42,3,41,4,"[27, 1, 0, 11, 1, 0, 1, 0, 1, 223]",1,1,"[30.129973451195557, 1.0, 0.0, 11.008249890778528, 1.0, 0.0, 1.0, 0.0, 0.0, 1200.0]",0,True,True,64,58.724,nn,0.78
compas,0,42,3,42,0,"[23, 1, 0, 2, 1, 0, 0, 0, 0, 71]",1,1,"[23.0, 1.0, 0.0, 0.0, 1.0, 0.0, 0.0, 0.0, 0.0, 994.386910137285]",0,True,True,64,61.333,nn,0.78
compas,0,42,3,42,1,"[23, 1, 0, 2, 1, 0, 0, 0, 0, 71]",1,1,"[23.0, 1.0, 0.0, 0.0, 1.0, 0.0, 0.0, 0.0, 0.0, 1056.6754881358775]",0,True,True,64,60.254,nn,0.78
compas,0,42,3,42,2,"[23, 1, 0, 2, 1, 0, 0, 0, 0, 71]",1,1,"[23.0, 1.0, 0.0, 0.0, 1.0, 0.0, 0.0, 0.0, 0.0, 975.0288413463417]",0,True,True,64,60.478,nn,0.78
compas,0,42,3,42,3,"[23, 1, 0, 2, 1, 0, 0, 0, 0, 71]",1,1,"[23.0, 1.0, 0.0, 0.0, 1.0, 0.0, 0.0, 0.0, 0.0, 978.4816110506104]",0,True,True,64,60.38,nn,0.78
compas,0,42,3,42,4,"[23, 1, 0, 2, 1, 0, 0, 0, 0, 71]",1,1,"[23.0, 1.0, 0.0, 0.0, 1.0, 0.0, 0.0, 0.0, 0.0, 965.3435235640789]",0,True,True,64,60.083,nn,0.78
compas,0,42,3,44,0,"[32, 1, 0, 14, 1, 0, 0, 0, 0, 1]",1,1,"[32.0, 1.0, 0.0, 0.0, 1.0, 0.0, 0.0, 0.0, 0.0, 1.0134940116649376]",0,True,True,64,61.507,nn,0.78
compas,0,42,3,44,1,"[32, 1, 0, 14, 1, 0, 0, 0, 0, 1]",1,1,"[32.0, 1.0, 5.0, 14.024464725031361, 1.0, 0.0, 0.0, 0.0, 0.0, 1.0272832953548718]",0,True,True,64,59.673,nn,0.78
compas,0,42,3,44,2,"[32, 1, 0, 14, 1, 0, 0, 0, 0, 1]",1,1,"[32.0, 1.0, 0.0, 0.0, 1.0, 0.0, 0.0, 0.0, 0.0, 16.806909453421714]",0,True,True,64,60.514,nn,0.78
compas,0,42,3,44,3,"[32, 1, 0, 14, 1, 0, 0, 0, 0, 1]",1,1,"[32.0, 1.0, 3.0, 14.0, 1.0, 0.0, 0.0, 0.0, 0.0, 1200.0]",0,True,True,64,60.544,nn,0.78
compas,0,42,3,44,4,"[32, 1, 0, 14, 1, 0, 0, 0, 0, 1]",1,1,"[32.0, 1.0, 5.0, 14.016189637281647, 1.0, 0.0, 0.0, 0.0, 0.0, 1.8969825851429647]",0,True,True,64,59.562,nn,0.78
compas,0,42,3,60,0,"[30, 1, 0, 2, 83, 0, 0, 0, 0, 83]",1,0,"[30.0, 1.0, 0.0, 0.0, 83.0, 0.0, 0.0, 0.0, 0.0, 923.0541183999793]",0,True,True,64,60.613,nn,0.78
compas,0,42,3,60,1,"[30, 1, 0, 2, 83, 0, 0, 0, 0, 83]",1,0,"[30.0, 1.0, 0.0, 0.0, 83.0, 0.0, 0.0, 0.0, 0.0, 911.9693344631074]",0,True,True,64,59.929,nn,0.78
compas,0,42,3,60,2,"[30, 1, 0, 2, 83, 0, 0, 0, 0, 83]",1,0,"[30.0, 1.0, 3.0, 2.0, 83.0, 0.0, 0.0, 0.0, 0.0, 958.0669426237537]",0,True,True,64,60.82,nn,0.78
compas,0,42,3,60,3,"[30, 1, 0, 2, 83, 0, 0, 0, 0, 83]",1,0,"[30.0, 1.0, 0.0, 0.0, 83.0, 0.0, 0.0, 0.0, 0.0, 953.1445540490784]",0,True,True,64,59.713,nn,0.78
compas,0,42,3,60,4,"[30, 1, 0, 2, 83, 0, 0, 0, 0, 83]",1,0,"[30.0, 1.0, 0.0, 0.0, 83.0, 0.0, 0.0, 0.0, 0.0, 1013.4188333998054]",0,True,True,64,59.809,nn,0.78
compas,0,42,3,72,0,"[32, 1, 0, 12, 1, 0, 1, 1, 1, 1]",1,1,"[32.0, 1.0, 0.0, 12.0, 1.0, 0.0, 1.0, 1.0, 0.0, 1200.0]",0,True,True,64,63.224,nn,0.78
compas,0,42,3,72,1,"[32, 1, 0, 12, 1, 0, 1, 1, 1, 1]",1,1,"[32.0, 1.0, 0.0, 12.0, 1.0, 0.0, 1.0, 1.0, 0.0, 1200.0]",0,True,True,64,60.267,nn,0.78
compas,0,42,3,72,2,"[32, 1, 0, 12, 1, 0, 1, 1, 1, 1]",1,1,"[32.0, 1.0, 0.0, 12.0, 1.0, 0.0, 1.0, 1.0, 0.0, 1200.0]",0,True,True,64,60.136,nn,0.78
compas,0,42,3,72,3,"[32, 1, 0, 12, 1, 0, 1, 1, 1, 1]",1,1,"[33.04058737790118, 1.0, 0.0, 12.0, 1.0, 0.0, 1.0, 1.0, 0.0, 931.4583712884181]",0,True,True,64,59.587,nn,0.78
compas,0,42,3,72,4,"[32, 1, 0, 12, 1, 0, 1, 1, 1, 1]",1,1,"[32.0, 1.0, 0.0, 12.0, 1.0, 0.0, 1.0, 1.0, 0.0, 1191.6342498264944]",0,True,True,64,60.058,nn,0.78
compas,0,42,3,77,0,"[21, 1, 0, 0, 1, 0, 1, 0, 1, 12]",1,0,"[21.0, 1.0, 0.0, 0.0, 1.0, 0.0, 1.0, 0.0, 0.0, 12.595956197862373]",0,True,True,64,60.165,nn,0.78
compas,0,42,3,77,1,"[21, 1, 0, 0, 1, 0, 1, 0, 1, 12]",1,0,"[21.0, 1.0, 0.0, 0.0, 1.0, 0.0, 1.0, 0.0, 0.0, 1138.7850041774807]",0,True,True,64,60.134,nn,0.78
compas,0,42,3,77,2,"[21, 1, 0, 0, 1, 0, 1, 0, 1, 12]",1,0,"[21.0, 1.0, 0.0, 0.0, 1.0, 0.0, 1.0, 0.0, 0.0, 1200.0]",0,True,True,64,60.221,nn,0.78
compas,0,42,3,77,3,"[21, 1, 0, 0, 1, 0, 1, 0, 1, 12]",1,0,"[21.0, 1.0, 0.0, 0.0, 1.0, 0.0, 1.0, 0.0, 0.0, 1200.0]",0,True,True,64,60.202,nn,0.78
compas,0,42,3,77,4,"[21, 1, 0, 0, 1, 0, 1, 0, 1, 12]",1,0,"[21.45786348818769, 1.0, 0.0, 0.0, 1.0, 0.0, 1.0, 0.0, 0.0, 1200.0]",0,True,True,64,59.682,nn,0.78
compas,0,42,3,80,0,"[22, 1, 0, 4, 1, 0, 1, 1, 1, 260]",1,1,"[23.520578902123436, 1.0, 0.0, 4.0, 1.0, 0.0, 1.0, 1.0, 0.0, 619.7125310141371]",0,True,True,64,59.953,nn,0.78
compas,0,42,3,80,1,"[22, 1, 0, 4, 1, 0, 1, 1, 1, 260]",1,1,"[28.333618816524353, 1.0, 0.0, 4.0, 1.0, 0.0, 1.0, 1.0, 0.0, 613.4621495833671]",0,True,True,64,59.762,nn,0.78
compas,0,42,3,80,2,"[22, 1, 0, 4, 1, 0, 1, 1, 1, 260]",1,1,"[23.6774735652623, 1.0, 0.0, 4.0, 1.0, 0.0, 1.0, 1.0, 0.0, 592.9548948924801]",0,True,True,64,59.809,nn,0.78
compas,0,42,3,80,3,"[22, 1, 0, 4, 1, 0, 1, 1, 1, 260]",1,1,"[22.22982639317835, 1.0, 0.0, 4.0, 1.0, 0.0, 1.0, 1.0, 0.0, 606.550931127997]",0,True,True,64,59.342,nn,0.78
compas,0,42,3,80,4,"[22, 1, 0, 4, 1, 0, 1, 1, 1, 260]",1,1,"[23.857966938516828, 1.0, 0.0, 4.0, 1.0, 0.0, 1.0, 1.0, 0.0, 584.52710680924]",0,True,True,64,59.53,nn,0.78
compas,0,42,3,88,0,"[31, 1, 0, 7, 0, 1, 1, 0, 1, 1]",1,0,"[40.93388183562246, 1.0, 0.0, 7.0, 0.0, 1.0, 1.0, 0.0, 0.0, 2.593261751245036]",0,True,True,64,59.792,nn,0.78
compas,0,42,3,88,1,"[31, 1, 0, 7, 0, 1, 1, 0, 1, 1]",1,0,"[34.42418680147328, 1.0, 0.0, 6.997370215519431, 1.3339678107222355, 0.0, 1.0, 0.0, 0.0, 2.7015064593252642]",0,True,True,64,58.944,nn,0.78
compas,0,42,3,88,2,"[31, 1, 0, 7, 0, 1, 1, 0, 1, 1]",1,0,"[60.59844374175087, 1.0, 0.0, 5.937761198940991, 88.02916027580855, 1.0, 1.0, 0.0, 0.0, 1.2970739712358146]",0,True,True,64,59.237,nn,0.78
compas,0,42,3,88,3,"[31, 1, 0, 7, 0, 1, 1, 0, 1, 1]",1,0,"[33.67314264325319, 1.0, 0.0, 6.997492206121425, 0.5184106471880199, 0.0, 1.0, 0.0, 0.0, 1200.0]",0,True,True,64,59.036,nn,0.78
compas,0,42,3,88,4,"[31, 1, 0, 7, 0, 1, 1, 0, 1, 1]",1,0,"[31.0, 1.0, 0.0, 0.0, 0.0, 1.0, 1.0, 0.0, 0.0, 21.04691048276102]",0,True,True,64,59.55,nn,0.78
compas,0,42,3,90,0,"[20, 1, 0, 0, 0, 0, 1, 0, 1, 0]",1,1,"[20.86473173454792, 1.0, 0.0, 0.0, 0.035889435426804894, 0.0, 1.0, 0.0, 0.0, 2.575990591732158]",0,True,True,64,59.984,nn,0.78
compas,0,42,3,90,1,"[20, 1, 0, 0, 0, 0, 1, 0, 1, 0]",1,1,"[25.471417754660475, 1.0, 0.0, 0.0, 0.01157682890504752, 0.0, 1.0, 0.0, 0.0, 1140.6535972023512]",0,True,True,64,59.75,nn,0.78
compas,0,42,3,90,2,"[20, 1, 0, 0, 0, 0, 1, 0, 1, 0]",1,1,"[21.400926644181947, 1.0, 0.0, 0.0, 0.14972494185547802, 0.0, 1.0, 0.0, 0.0, 1135.0370575202446]",0,True,True,64,59.702,nn,0.78
compas,0,42,3,90,3,"[20, 1, 0, 0, 0, 0, 1, 0, 1, 0]",1,1,"[21.025147067440003, 1.0, 0.0, 0.0, 0.7823272220235182, 0.0, 1.0, 0.0, 0.0, 0.8882616813002842]",0,True,True,64,59.434,nn,0.78
compas,0,42,3,90,4,"[20, 1, 0, 0, 0, 0, 1, 0, 1, 0]",1,1,"[21.353747832128107, 1.0, 0.0, 0.0, 0.044610614601339194, 0.0, 1.0, 0.0, 0.0, 0.48852298113309933]",0,True,True,64,59.681,nn,0.78
compas,0,42,3,94,0,"[20, 1, 0, 1, 1, 0, 1, 0, 1, 1]",1,1,"[27.658878899320012, 1.0, 0.0, 0.0, 1.0, 0.0, 1.0, 0.0, 1.0, 6.6746739338501]",0,True,True,64,58.777,nn,0.78
compas,0,42,3,94,1,"[20, 1, 0, 1, 1, 0, 1, 0, 1, 1]",1,1,"[24.534821063433867, 1.0, 0.0, 1.0, 1.0, 0.0, 1.0, 0.0, 0.0, 1.7617601970445198]",0,True,True,64,58.853,nn,0.78
compas,0,42,3,94,2,"[20, 1, 0, 1, 1, 0, 1, 0, 1, 1]",1,1,"[28.56294130901687, 1.0, 0.0, 0.0, 1.0, 0.0, 1.0, 0.0, 1.0, 2.376770831270933]",0,True,True,64,58.706,nn,0.78
compas,0,42,3,94,3,"[20, 1, 0, 1, 1, 0, 1, 0, 1, 1]",1,1,"[23.56490727322864, 1.0, 0.0, 0.0, 1.0, 0.0, 1.0, 0.0, 1.0, 2.5517038868145865]",0,True,True,64,58.629,nn,0.78
compas,0,42,3,94,4,"[20, 1, 0, 1, 1, 0, 1, 0, 1, 1]",1,1,"[23.956392616177872, 1.0, 0.0, 1.0, 1.0, 0.0, 1.0, 0.0, 0.0, 2.6704239880187344]",0,True,True,64,58.936,nn,0.78
compas,0,42,3,96,0,"[45, 1, 0, 16, 83, 0, 0, 0, 0, 64]",1,0,"[45.0, 1.0, 3.0, 16.0, 83.0, 0.0, 0.0, 0.0, 0.0, 957.335241516008]",0,True,True,64,60.777,nn,0.78
compas,0,42,3,96,1,"[45, 1, 0, 16, 83, 0, 0, 0, 0, 64]",1,0,"[45.0, 1.0, 3.0, 16.0, 83.0, 0.0, 0.0, 0.0, 0.0, 978.4859832077527]",0,True,True,64,60.825,nn,0.78
compas,0,42,3,96,2,"[45, 1, 0, 16, 83, 0, 0, 0, 0, 64]",1,0,"[45.0, 1.0, 3.0, 16.0, 83.0, 0.0, 0.0, 0.0, 0.0, 936.4116434612109]",0,True,True,64,60.65,nn,0.78
compas,0,42,3,96,3,"[45, 1, 0, 16, 83, 0, 0, 0, 0, 64]",1,0,"[45.0, 1.0, 3.0, 16.0, 83.0, 0.0, 0.0, 0.0, 0.0, 1059.4141674985253]",0,True,True,64,60.592,nn,0.78
compas,0,42,3,96,4,"[45, 1, 0, 16, 83, 0, 0, 0, 0, 64]",1,0,"[45.0, 1.0, 3.0, 16.0, 83.0, 0.0, 0.0, 0.0, 0.0, 1038.0885875059703]",0,True,True,64,60.971,nn,0.78
compas,0,42,3,98,0,"[24, 0, 0, 6, 1, 0, 1, 0, 1, 26]",1,1,"[24.0, 0.0, 0.0, 6.0, 1.0, 0.0, 1.0, 0.0, 0.0, 1111.871941580627]",0,True,True,64,60.663,nn,0.78
compas,0,42,3,98,1,"[24, 0, 0, 6, 1, 0, 1, 0, 1, 26]",1,1,"[24.0, 0.0, 0.0, 6.0, 1.0, 0.0, 1.0, 0.0, 0.0, 1126.141837533959]",0,True,True,64,60.46,nn,0.78
compas,0,42,3,98,2,"[24, 0, 0, 6, 1, 0, 1, 0, 1, 26]",1,1,"[24.0, 0.0, 0.0, 6.0, 1.0, 0.0, 1.0, 0.0, 0.0, 1107.0825960128425]",0,True,True,64,60.708,nn,0.78
compas,0,42,3,98,3,"[24, 0, 0, 6, 1, 0, 1, 0, 1, 26]",1,1,"[24.0, 0.0, 0.0, 6.0, 1.0, 0.0, 1.0, 0.0, 0.0, 1141.4614102720657]",0,True,True,64,60.585,nn,0.78
compas,0,42,3,98,4,"[24, 0, 0, 6, 1, 0, 1, 0, 1, 26]",1,1,"[24.0, 0.0, 0.0, 6.0, 1.0, 0.0, 1.0, 0.0, 0.0, 1200.0]",0,True,True,64,60.767,nn,0.78
compas,0,42,3,102,0,"[29, 1, 0, 4, 53, 0, 1, 1, 1, 25]",1,1,"[29.0, 1.0, 0.0, 4.0, 53.0, 0.0, 1.0, 1.0, 0.0, 906.6579458181559]",0,True,True,64,60.966,nn,0.78
compas,0,42,3,102,1,"[29, 1, 0, 4, 53, 0, 1, 1, 1, 25]",1,1,"[29.0, 1.0, 0.0, 4.0, 53.0, 0.0, 1.0, 1.0, 0.0, 931.4650903691268]",0,True,True,64,60.565,nn,0.78
compas,0,42,3,102,2,"[29, 1, 0, 4, 53, 0, 1, 1, 1, 25]",1,1,"[29.0, 1.0, 0.0, 4.0, 53.0, 0.0, 1.0, 1.0, 0.0, 918.9188096040953]",0,True,True,64,60.755,nn,0.78
compas,0,42,3,102,3,"[29, 1, 0, 4, 53, 0, 1, 1, 1, 25]",1,1,"[29.0, 1.0, 0.0, 4.0, 53.0, 0.0, 1.0, 1.0, 0.0, 927.8098882661175]",0,True,True,64,60.663,nn,0.78
compas,0,42,3,102,4,"[29, 1, 0, 4, 53, 0, 1, 1, 1, 25]",1,1,"[29.0, 1.0, 0.0, 4.0, 53.0, 0.0, 1.0, 1.0, 0.0, 899.994231677394]",0,True,True,64,60.838,nn,0.78
compas,0,42,3,105,0,"[30, 1, 3, 7, 1, 1, 0, 0, 0, 37]",1,0,"[30.0, 1.0, 3.0, 7.0, 1.0, 0.0, 0.0, 0.0, 0.0, 833.2168027158795]",0,True,True,64,60.689,nn,0.78
compas,0,42,3,105,1,"[30, 1, 3, 7, 1, 1, 0, 0, 0, 37]",1,0,"[30.0, 1.0, 3.0, 7.0, 1.0, 0.0, 0.0, 0.0, 0.0, 914.2440237152543]",0,True,True,64,60.735,nn,0.78
compas,0,42,3,105,2,"[30, 1, 3, 7, 1, 1, 0, 0, 0, 37]",1,0,"[30.0, 1.0, 3.0, 7.0, 1.0, 0.0, 0.0, 0.0, 0.0, 868.64345030479]",0,True,True,64,60.715,nn,0.78
compas,0,42,3,105,3,"[30, 1, 3, 7, 1, 1, 0, 0, 0, 37]",1,0,"[30.0, 1.0, 3.0, 7.0, 1.0, 0.0, 0.0, 0.0, 0.0, 852.8769233529624]",0,True,True,64,60.589,nn,0.78
compas,0,42,3,105,4,"[30, 1, 3, 7, 1, 1, 0, 0, 0, 37]",1,0,"[30.0, 1.0, 3.0, 7.0, 1.0, 0.0, 0.0, 0.0, 0.0, 814.735223906267]",0,True,True,64,60.916,nn,0.78
compas,0,42,3,110,0,"[20, 1, 0, 0, 0, 0, 1, 0, 1, 0]",1,0,"[20.825564415060953, 1.0, 0.0, 0.0, 0.03375004951478644, 0.0, 1.0, 0.0, 0.0, 1138.715975033809]",0,True,True,64,59.519,nn,0.78
compas,0,42,3,110,1,"[20, 1, 0, 0, 0, 0, 1, 0, 1, 0]",1,0,"[28.55874924550336, 1.0, 0.0, 0.0, 0.09522622315924423, 0.0, 1.0, 0.0, 0.0, 1138.9393740712353]",0,True,True,64,59.624,nn,0.78
compas,0,42,3,110,2,"[20, 1, 0, 0, 0, 0, 1, 0, 1, 0]",1,0,"[24.065175995726424, 1.0, 0.0, 0.0, 0.9240016432545808, 0.0, 1.0, 0.0, 0.0, 0.01877317517759991]",0,True,True,64,59.684,nn,0.78
compas,0,42,3,110,3,"[20, 1, 0, 0, 0, 0, 1, 0, 1, 0]",1,0,"[21.00110560695346, 1.0, 0.0, 0.0, 0.009013905401372035, 0.0, 1.0, 0.0, 0.0, 0.9097888294239076]",0,True,True,64,59.743,nn,0.78
compas,0,42,3,110,4,"[20, 1, 0, 0, 0, 0, 1, 0, 1, 0]",1,0,"[21.32144447623307, 1.0, 0.0, 0.0, 0.2056691513561617, 0.0, 1.0, 0.0, 0.0, 2.510677609437584]",0,True,True,64,59.863,nn,0.78
compas,0,42,3,114,0,"[42, 1, 0, 14, 1, 0, 1, 0, 1, 1]",1,1,"[42.0, 1.0, 0.0, 13.980926768329699, 1.0, 0.0, 1.0, 0.0, 0.0, 2.1123347018712875]",0,True,True,64,60.265,nn,0.78
compas,0,42,3,114,1,"[42, 1, 0, 14, 1, 0, 1, 0, 1, 1]",1,1,"[42.0, 1.0, 0.0, 14.011694413322697, 1.0, 0.0, 1.0, 0.0, 0.0, 9.906964160363362]",0,True,True,64,60.066,nn,0.78
compas,0,42,3,114,2,"[42, 1, 0, 14, 1, 0, 1, 0, 1, 1]",1,1,"[42.0, 1.0, 0.0, 13.996338515433711, 1.0, 0.0, 1.0, 0.0, 0.0, 1200.0]",0,True,True,64,59.725,nn,0.78
compas,0,42,3,114,3,"[42, 1, 0, 14, 1, 0, 1, 0, 1, 1]",1,1,"[42.0, 1.0, 0.0, 13.998274060736563, 1.0, 0.0, 1.0, 0.0, 0.0, 1200.0]",0,True,True,64,60.01,nn,0.78
compas,0,42,3,114,4,"[42, 1, 0, 14, 1, 0, 1, 0, 1, 1]",1,1,"[42.0, 1.0, 0.0, 14.001822412262634, 1.0, 0.0, 1.0, 0.0, 0.0, 1140.8525979653148]",0,True,True,64,59.981,nn,0.78
compas,0,42,3,118,0,"[22, 1, 0, 3, 11, 0, 1, 1, 1, 7]",1,1,"[22.0, 1.0, 0.0, 3.0, 11.0, 0.0, 1.0, 1.0, 0.0, 696.2292013681041]",0,True,True,64,60.495,nn,0.78
compas,0,42,3,118,1,"[22, 1, 0, 3, 11, 0, 1, 1, 1, 7]",1,1,"[22.0, 1.0, 0.0, 3.0, 11.0, 0.0, 1.0, 1.0, 0.0, 593.9145850020459]",0,True,True,64,60.616,nn,0.78
compas,0,42,3,118,2,"[22, 1, 0, 3, 11, 0, 1, 1, 1, 7]",1,1,"[22.0, 1.0, 0.0, 3.0, 11.0, 0.0, 1.0, 1.0, 0.0, 620.8198067124124]",0,True,True,64,60.514,nn,0.78
compas,0,42,3,118,3,"[22, 1, 0, 3, 11, 0, 1, 1, 1, 7]",1,1,"[22.0, 1.0, 0.0, 3.0, 11.0, 0.0, 1.0, 1.0, 0.0, 711.2364125890881]",0,True,True,64,60.376,nn,0.78
compas,0,42,3,118,4,"[22, 1, 0, 3, 11, 0, 1, 1, 1, 7]",1,1,"[22.0, 1.0, 0.0, 3.0, 11.0, 0.0, 1.0, 1.0, 0.0, 647.500118088113]",0,True,True,64,60.251,nn,0.78
compas,0,42,3,120,0,"[27, 1, 0, 5, 0, 1, 1, 0, 1, 64]",1,0,"[27.0, 1.0, 0.0, 5.0, 0.12517076395129578, 0.0, 1.0, 0.0, 0.0, 1170.847522464561]",0,True,True,64,60.66,nn,0.78
compas,0,42,3,120,1,"[27, 1, 0, 5, 0, 1, 1, 0, 1, 64]",1,0,"[27.0, 1.0, 0.0, 5.0, 0.04346364969441652, 0.0, 1.0, 0.0, 0.0, 1200.0]",0,True,True,64,60.481,nn,0.78
compas,0,42,3,120,2,"[27, 1, 0, 5, 0, 1, 1, 0, 1, 64]",1,0,"[27.0, 1.0, 0.0, 5.0, 0.0899081001495281, 0.0, 1.0, 0.0, 0.0, 1200.0]",0,True,True,64,60.579,nn,0.78
compas,0,42,3,120,3,"[27, 1, 0, 5, 0, 1, 1, 0, 1, 64]",1,0,"[27.0, 1.0, 0.0, 5.0, 0.10567528189309883, 0.0, 1.0, 0.0, 0.0, 1161.3929308825975]",0,True,True,64,60.689,nn,0.78
compas,0,42,3,120,4,"[27, 1, 0, 5, 0, 1, 1, 0, 1, 64]",1,0,"[27.0, 1.0, 0.0, 5.0, 0.06801181227026376, 0.0, 1.0, 0.0, 0.0, 1200.0]",0,True,True,64,60.875,nn,0.78
compas,0,42,3,128,0,"[31, 1, 0, 23, 0, 0, 1, 0, 1, 55]",1,1,"[31.101654582165928, 1.0, 0.0, 23.00158029840221, 0.2652015365465026, 0.0, 1.0, 0.0, 0.0, 1200.0]",0,True,True,64,59.074,nn,0.78
compas,0,42,3,128,1,"[31, 1, 0, 23, 0, 0, 1, 0, 1, 55]",1,1,"[34.63350393498653, 1.0, 0.0, 23.00111013633634, 1.197337998851097, 0.0, 1.0, 0.0, 0.0, 1200.0]",0,True,True,64,59.006,nn,0.78
compas,0,42,3,128,2,"[31, 1, 0, 23, 0, 0, 1, 0, 1, 55]",1,1,"[35.51874147565609, 1.0, 0.0, 22.994051044273057, 0.9300210575392271, 0.0, 1.0, 0.0, 0.0, 1200.0]",0,True,True,64,59.034,nn,0.78
compas,0,42,3,128,3,"[31, 1, 0, 23, 0, 0, 1, 0, 1, 55]",1,1,"[32.02009159733976, 1.0, 0.0, 23.001866260179504, 0.19808881699000835, 0.0, 1.0, 0.0, 0.0, 1200.0]",0,True,True,64,59.127,nn,0.78
compas,0,42,3,128,4,"[31, 1, 0, 23, 0, 0, 1, 0, 1, 55]",1,1,"[31.67877052423064, 1.0, 0.0, 23.007089419891575, 0.17824385293383926, 0.0, 1.0, 0.0, 0.0, 1200.0]",0,True,True,64,59.189,nn,0.78
compas,0,42,3,134,0,"[26, 1, 0, 8, 52, 0, 0, 0, 0, 40]",1,0,"[26.0, 1.0, 5.0, 8.0, 52.0, 0.0, 0.0, 0.0, 0.0, 975.8771546723725]",0,True,True,64,60.669,nn,0.78
compas,0,42,3,134,1,"[26, 1, 0, 8, 52, 0, 0, 0, 0, 40]",1,0,"[26.0, 1.0, 3.0, 8.0, 52.0, 0.0, 0.0, 0.0, 0.0, 1024.9503679362467]",0,True,True,64,60.805,nn,0.78
compas,0,42,3,134,2,"[26, 1, 0, 8, 52, 0, 0, 0, 0, 40]",1,0,"[26.0, 1.0, 3.0, 8.0, 52.0, 0.0, 0.0, 0.0, 0.0, 962.5345426893233]",0,True,True,64,60.649,nn,0.78
compas,0,42,3,134,3,"[26, 1, 0, 8, 52, 0, 0, 0, 0, 40]",1,0,"[26.0, 1.0, 3.0, 8.0, 52.0, 0.0, 0.0, 0.0, 0.0, 942.2157902648256]",0,True,True,64,60.904,nn,0.78
compas,0,42,3,134,4,"[26, 1, 0, 8, 52, 0, 0, 0, 0, 40]",1,0,"[26.0, 1.0, 3.0, 8.0, 52.0, 0.0, 0.0, 0.0, 0.0, 973.3706514967381]",0,True,True,64,60.58,nn,0.78
compas,0,42,3,138,0,"[38, 1, 2, 11, 268, 0, 1, 0, 1, 268]",1,0,"[38.0, 1.0, 2.0, 10.996601728540634, 268.0, 0.0, 1.0, 0.0, 0.0, 1200.0]",0,True,True,64,60.402,nn,0.78
compas,0,42,3,138,1,"[38, 1, 2, 11, 268, 0, 1, 0, 1, 268]",1,0,"[38.0, 1.0, 2.0, 11.016233486410526, 268.0, 0.0, 1.0, 0.0, 0.0, 1181.1571094225555]",0,True,True,64,60.418,nn,0.78
compas,0,42,3,138,2,"[38, 1, 2, 11, 268, 0, 1, 0, 1, 268]",1,0,"[38.0, 1.0, 2.0, 11.00031587931898, 268.0, 0.0, 1.0, 0.0, 0.0, 1200.0]",0,True,True,64,60.261,nn,0.78
compas,0,42,3,138,3,"[38, 1, 2, 11, 268, 0, 1, 0, 1, 268]",1,0,"[38.0, 1.0, 2.0, 10.986158490297353, 268.0, 0.0, 1.0, 0.0, 0.0, 1200.0]",0,True,True,64,60.434,nn,0.78
compas,0,42,3,138,4,"[38, 1, 2, 11, 268, 0, 1, 0, 1, 268]",1,0,"[38.0, 1.0, 2.0, 10.998517059879822, 268.0, 0.0, 1.0, 0.0, 0.0, 1200.0]",0,True,True,64,60.252,nn,0.78
compas,0,42,3,140,0,"[23, 1, 0, 6, 1, 0, 1, 1, 1, 8]",1,1,"[23.0, 1.0, 0.0, 6.0, 1.0, 0.0, 1.0, 1.0, 0.0, 596.183293566074]",0,True,True,64,60.021,nn,0.78
compas,0,42,3,140,1,"[23, 1, 0, 6, 1, 0, 1, 1, 1, 8]",1,1,"[23.0, 1.0, 0.0, 6.0, 1.0, 0.0, 1.0, 1.0, 0.0, 593.65551499617]",0,True,True,64,59.771,nn,0.78
compas,0,42,3,140,2,"[23, 1, 0, 6, 1, 0, 1, 1, 1, 8]",1,1,"[23.0, 1.0, 0.0, 6.0, 1.0, 0.0, 1.0, 1.0, 0.0, 653.3238869095896]",0,True,True,64,60.088,nn,0.78
compas,0,42,3,140,3,"[23, 1, 0, 6, 1, 0, 1, 1, 1, 8]",1,1,"[23.0, 1.0, 0.0, 6.0, 1.0, 0.0, 1.0, 1.0, 0.0, 615.6012000418644]",0,True,True,64,59.872,nn,0.78
compas,0,42,3,140,4,"[23, 1, 0, 6, 1, 0, 1, 1, 1, 8]",1,1,"[23.0, 1.0, 0.0, 6.0, 1.0, 0.0, 1.0, 1.0, 0.0, 641.5494898905903]",0,True,True,64,59.957,nn,0.78
compas,0,42,3,144,0,"[26, 1, 0, 4, 1, 0, 1, 0, 1, 83]",1,1,"[26.0, 1.0, 0.0, 4.0, 1.0, 0.0, 1.0, 0.0, 0.0, 1200.0]",0,True,True,64,60.679,nn,0.78
compas,0,42,3,144,1,"[26, 1, 0, 4, 1, 0, 1, 0, 1, 83]",1,1,"[26.0, 1.0, 0.0, 4.0, 1.0, 0.0, 1.0, 0.0, 0.0, 1200.0]",0,True,True,64,60.577,nn,0.78
compas,0,42,3,144,2,"[26, 1, 0, 4, 1, 0, 1, 0, 1, 83]",1,1,"[26.0, 1.0, 0.0, 4.0, 1.0, 0.0, 1.0, 0.0, 0.0, 1200.0]",0,True,True,64,60.713,nn,0.78
compas,0,42,3,144,3,"[26, 1, 0, 4, 1, 0, 1, 0, 1, 83]",1,1,"[26.0, 1.0, 0.0, 4.0, 1.0, 0.0, 1.0, 0.0, 0.0, 1198.5525112922119]",0,True,True,64,60.647,nn,0.78
compas,0,42,3,144,4,"[26, 1, 0, 4, 1, 0, 1, 0, 1, 83]",1,1,"[26.0, 1.0, 0.0, 4.0, 1.0, 0.0, 1.0, 0.0, 0.0, 1162.4793724704336]",0,True,True,64,60.737,nn,0.78
compas,0,42,3,145,0,"[20, 0, 2, 1, 1, 0, 1, 0, 1, 17]",1,1,"[27.80814589420353, 0.0, 2.0, 1.0, 1.0, 0.0, 1.0, 0.0, 0.0, 46.93529681208942]",0,True,True,64,59.316,nn,0.78
compas,0,42,3,145,1,"[20, 0, 2, 1, 1, 0, 1, 0, 1, 17]",1,1,"[27.94063914341595, 0.0, 2.0, 0.0, 1.0, 0.0, 1.0, 0.0, 1.0, 79.12523042158126]",0,True,True,64,59.02,nn,0.78
compas,0,42,3,145,2,"[20, 0, 2, 1, 1, 0, 1, 0, 1, 17]",1,1,"[29.131908020096866, 0.0, 2.0, 1.0, 1.0, 0.0, 1.0, 0.0, 0.0, 1200.0]",0,True,True,64,59.14,nn,0.78
compas,0,42,3,145,3,"[20, 0, 2, 1, 1, 0, 1, 0, 1, 17]",1,1,"[64.18425295325244, 0.0, 2.0, 0.0, 1.0, 0.0, 1.0, 0.0, 1.0, 17.0]",0,True,True,64,58.744,nn,0.78
compas,0,42,3,145,4,"[20, 0, 2, 1, 1, 0, 1, 0, 1, 17]",1,1,"[40.912890343198214, 0.0, 2.0, 0.0, 1.0, 0.0, 1.0, 0.0, 1.0, 43.6928725342254]",0,True,True,64,58.877,nn,0.78
compas,0,42,3,156,0,"[35, 1, 0, 13, 1, 0, 1, 0, 1, 5]",1,1,"[35.467506020139005, 1.0, 0.0, 13.004388860752627, 1.0, 0.0, 1.0, 0.0, 0.0, 1200.0]",0,True,True,64,58.77,nn,0.78
compas,0,42,3,156,1,"[35, 1, 0, 13, 1, 0, 1, 0, 1, 5]",1,1,"[36.25542152108417, 1.0, 0.0, 13.006457250027383, 1.0, 0.0, 1.0, 0.0, 0.0, 1200.0]",0,True,True,64,58.757,nn,0.78
compas,0,42,3,156,2,"[35, 1, 0, 13, 1, 0, 1, 0, 1, 5]",1,1,"[35.73984303283133, 1.0, 0.0, 13.006817154395264, 1.0, 0.0, 1.0, 0.0, 0.0, 1200.0]",0,True,True,64,58.913,nn,0.78
compas,0,42,3,156,3,"[35, 1, 0, 13, 1, 0, 1, 0, 1, 5]",1,1,"[35.275578942058345, 1.0, 0.0, 12.99908881603474, 1.0, 0.0, 1.0, 0.0, 0.0, 1200.0]",0,True,True,64,58.88,nn,0.78
compas,0,42,3,156,4,"[35, 1, 0, 13, 1, 0, 1, 0, 1, 5]",1,1,"[35.740074338027476, 1.0, 0.0, 13.013873408222665, 1.0, 0.0, 1.0, 0.0, 0.0, 1200.0]",0,True,True,64,58.913,nn,0.78
compas,0,42,3,157,0,"[48, 1, 0, 25, 1, 0, 1, 1, 1, 6]",1,1,"[48.0, 1.0, 0.0, 24.998865487745956, 1.0, 0.0, 1.0, 1.0, 0.0, 603.9278330366586]",0,True,True,64,60.242,nn,0.78
compas,0,42,3,157,1,"[48, 1, 0, 25, 1, 0, 1, 1, 1, 6]",1,1,"[48.0, 1.0, 0.0, 25.02690053577578, 1.0, 0.0, 1.0, 1.0, 0.0, 717.8775685181342]",0,True,True,64,59.975,nn,0.78
compas,0,42,3,157,2,"[48, 1, 0, 25, 1, 0, 1, 1, 1, 6]",1,1,"[48.0, 1.0, 0.0, 25.012130085967897, 1.0, 0.0, 1.0, 1.0, 0.0, 643.3456495420795]",0,True,True,64,59.959,nn,0.78
compas,0,42,3,157,3,"[48, 1, 0, 25, 1, 0, 1, 1, 1, 6]",1,1,"[48.0, 1.0, 0.0, 25.01019903091518, 1.0, 0.0, 1.0, 1.0, 0.0, 715.781637428889]",0,True,True,64,60.043,nn,0.78
compas,0,42,3,157,4,"[48, 1, 0, 25, 1, 0, 1, 1, 1, 6]",1,1,"[48.0, 1.0, 0.0, 24.99688320964569, 1.0, 0.0, 1.0, 1.0, 0.0, 581.7051352981533]",0,True,True,64,59.907,nn,0.78
compas,0,42,3,158,0,"[22, 1, 0, 1, 28, 1, 1, 1, 1, 1]",1,1,"[26.2349816453829, 1.0, 0.0, 0.0, 28.0, 0.0, 1.0, 1.0, 1.0, 840.3375658818397]",0,True,True,64,59.389,nn,0.78
compas,0,42,3,158,1,"[22, 1, 0, 1, 28, 1, 1, 1, 1, 1]",1,1,"[23.896868963960145, 1.0, 0.0, 1.0, 28.0, 0.0, 1.0, 1.0, 0.0, 839.7193112543348]",0,True,True,64,59.857,nn,0.78
compas,0,42,3,158,2,"[22, 1, 0, 1, 28, 1, 1, 1, 1, 1]",1,1,"[24.574755365105098, 1.0, 0.0, 1.0, 28.0, 0.0, 1.0, 1.0, 0.0, 841.9450422608165]",0,True,True,64,59.847,nn,0.78
compas,0,42,3,158,3,"[22, 1, 0, 1, 28, 1, 1, 1, 1, 1]",1,1,"[22.0, 1.0, 0.0, 1.0, 28.0, 0.0, 1.0, 1.0, 0.0, 901.143829123232]",0,True,True,64,60.444,nn,0.78
compas,0,42,3,158,4,"[22, 1, 0, 1, 28, 1, 1, 1, 1, 1]",1,1,"[30.200675996069627, 1.0, 0.0, 0.0, 28.0, 0.0, 1.0, 1.0, 1.0, 5.071759343683894]",0,True,True,64,59.334,nn,0.78
compas,0,42,3,159,0,"[26, 1, 2, 5, 1, 0, 1, 1, 1, 35]",1,0,"[26.0, 1.0, 2.0, 5.0, 1.0, 0.0, 1.0, 1.0, 0.0, 35.0]",0,True,True,64,60.497,nn,0.78
compas,0,42,3,159,1,"[26, 1, 2, 5, 1, 0, 1, 1, 1, 35]",1,0,"[26.0, 1.0, 2.0, 5.0, 1.0, 0.0, 1.0, 1.0, 0.0, 35.0]",0,True,True,64,60.604,nn,0.78
compas,0,42,3,159,2,"[26, 1, 2, 5, 1, 0, 1, 1, 1, 35]",1,0,"[26.0, 1.0, 2.0, 5.0, 1.0, 0.0, 1.0, 1.0, 0.0, 35.0]",0,True,True,64,60.353,nn,0.78
compas,0,42,3,159,3,"[26, 1, 2, 5, 1, 0, 1, 1, 1, 35]",1,0,"[26.0, 1.0, 2.0, 5.0, 1.0, 0.0, 1.0, 1.0, 0.0, 35.0]",0,True,True,64,60.559,nn,0.78
compas,0,42,3,159,4,"[26, 1, 2, 5, 1, 0, 1, 1, 1, 35]",1,0,"[26.0, 1.0, 2.0, 5.0, 1.0, 0.0, 1.0, 1.0, 0.0, 35.0]",0,True,True,64,60.017,nn,0.78
compas,0,42,3,167,0,"[23, 1, 0, 6, 1, 0, 1, 0, 1, 135]",1,1,"[23.0, 1.0, 0.0, 6.0, 1.0, 0.0, 1.0, 0.0, 0.0, 1200.0]",0,True,True,64,60.422,nn,0.78
compas,0,42,3,167,1,"[23, 1, 0, 6, 1, 0, 1, 0, 1, 135]",1,1,"[23.0, 1.0, 0.0, 6.0, 1.0, 0.0, 1.0, 0.0, 0.0, 1200.0]",0,True,True,64,60.549,nn,0.78
compas,0,42,3,167,2,"[23, 1, 0, 6, 1, 0, 1, 0, 1, 135]",1,1,"[25.735001742864444, 1.0, 0.0, 6.0, 1.0, 0.0, 1.0, 0.0, 0.0, 1200.0]",0,True,True,64,59.889,nn,0.78
compas,0,42,3,167,3,"[23, 1, 0, 6, 1, 0, 1, 0, 1, 135]",1,1,"[23.0, 1.0, 0.0, 6.0, 1.0, 0.0, 1.0, 0.0, 0.0, 1200.0]",0,True,True,64,60.508,nn,0.78
compas,0,42,3,167,4,"[23, 1, 0, 6, 1, 0, 1, 0, 1, 135]",1,1,"[23.0, 1.0, 0.0, 6.0, 1.0, 0.0, 1.0, 0.0, 0.0, 1200.0]",0,True,True,64,60.567,nn,0.78
compas,0,42,3,175,0,"[26, 1, 0, 5, 1, 0, 1, 0, 1, 3]",1,1,"[26.0, 1.0, 0.0, 5.0, 1.0, 0.0, 1.0, 0.0, 0.0, 1200.0]",0,True,True,64,60.661,nn,0.78
compas,0,42,3,175,1,"[26, 1, 0, 5, 1, 0, 1, 0, 1, 3]",1,1,"[26.0, 1.0, 0.0, 5.0, 1.0, 0.0, 1.0, 0.0, 0.0, 1200.0]",0,True,True,64,60.653,nn,0.78
compas,0,42,3,175,2,"[26, 1, 0, 5, 1, 0, 1, 0, 1, 3]",1,1,"[26.0, 1.0, 0.0, 5.0, 1.0, 0.0, 1.0, 0.0, 0.0, 1200.0]",0,True,True,64,60.429,nn,0.78
compas,0,42,3,175,3,"[26, 1, 0, 5, 1, 0, 1, 0, 1, 3]",1,1,"[26.0, 1.0, 0.0, 5.0, 1.0, 0.0, 1.0, 0.0, 0.0, 1200.0]",0,True,True,64,60.722,nn,0.78
compas,0,42,3,175,4,"[26, 1, 0, 5, 1, 0, 1, 0, 1, 3]",1,1,"[26.0, 1.0, 0.0, 5.0, 1.0, 0.0, 1.0, 0.0, 0.0, 1200.0]",0,True,True,64,60.651,nn,0.78
compas,0,42,3,180,0,"[22, 1, 2, 2, 1, 1, 1, 1, 1, 13]",1,0,"[38.19862318513549, 1.0, 2.0, 2.0, 1.0, 0.0, 1.0, 1.0, 0.0, 13.0]",0,True,True,64,59.951,nn,0.78
compas,0,42,3,180,1,"[22, 1, 2, 2, 1, 1, 1, 1, 1, 13]",1,0,"[30.310901484176306, 1.0, 2.0, 2.0, 1.0, 0.0, 1.0, 1.0, 0.0, 13.0]",0,True,True,64,60.039,nn,0.78
compas,0,42,3,180,2,"[22, 1, 2, 2, 1, 1, 1, 1, 1, 13]",1,0,"[25.715425104954036, 1.0, 2.0, 2.0, 1.0, 0.0, 1.0, 1.0, 0.0, 13.0]",0,True,True,64,60.044,nn,0.78
compas,0,42,3,180,3,"[22, 1, 2, 2, 1, 1, 1, 1, 1, 13]",1,0,"[32.543946023514, 1.0, 2.0, 2.0, 1.0, 0.0, 1.0, 1.0, 0.0, 13.0]",0,True,True,64,59.721,nn,0.78
compas,0,42,3,180,4,"[22, 1, 2, 2, 1, 1, 1, 1, 1, 13]",1,0,"[32.061446881110484, 1.0, 2.0, 2.0, 1.0, 0.0, 1.0, 1.0, 0.0, 13.0]",0,True,True,64,59.791,nn,0.78
compas,0,42,3,182,0,"[23, 1, 0, 2, 1, 0, 1, 1, 1, 6]",1,1,"[23.0, 1.0, 0.0, 2.0, 1.0, 0.0, 1.0, 1.0, 0.0, 673.3543691863383]",0,True,True,64,60.364,nn,0.78
compas,0,42,3,182,1,"[23, 1, 0, 2, 1, 0, 1, 1, 1, 6]",1,1,"[23.0, 1.0, 0.0, 2.0, 1.0, 0.0, 1.0, 1.0, 0.0, 650.3626203162928]",0,True,True,64,60.368,nn,0.78
compas,0,42,3,182,2,"[23, 1, 0, 2, 1, 0, 1, 1, 1, 6]",1,1,"[23.0, 1.0, 0.0, 2.0, 1.0, 0.0, 1.0, 1.0, 0.0, 653.3775617503769]",0,True,True,64,60.186,nn,0.78
compas,0,42,3,182,3,"[23, 1, 0, 2, 1, 0, 1, 1, 1, 6]",1,1,"[23.0, 1.0, 0.0, 2.0, 1.0, 0.0, 1.0, 1.0, 0.0, 767.5740811647863]",0,True,True,64,60.385,nn,0.78
compas,0,42,3,182,4,"[23, 1, 0, 2, 1, 0, 1, 1, 1, 6]",1,1,"[23.0, 1.0, 0.0, 2.0, 1.0, 0.0, 1.0, 1.0, 0.0, 645.6483880821994]",0,True,True,64,60.53,nn,0.78
compas,0,42,3,204,0,"[22, 1, 0, 3, 50, 0, 1, 0, 1, 1]",1,1,"[24.915585929007342, 1.0, 0.0, 3.0, 50.0, 0.0, 1.0, 0.0, 0.0, 1200.0]",0,True,True,64,59.859,nn,0.78
compas,0,42,3,204,1,"[22, 1, 0, 3, 50, 0, 1, 0, 1, 1]",1,1,"[22.0, 1.0, 0.0, 3.0, 50.0, 0.0, 1.0, 0.0, 0.0, 1200.0]",0,True,True,64,60.439,nn,0.78
compas,0,42,3,204,2,"[22, 1, 0, 3, 50, 0, 1, 0, 1, 1]",1,1,"[22.0, 1.0, 0.0, 3.0, 50.0, 0.0, 1.0, 0.0, 0.0, 1200.0]",0,True,True,64,60.527,nn,0.78
compas,0,42,3,204,3,"[22, 1, 0, 3, 50, 0, 1, 0, 1, 1]",1,1,"[22.0, 1.0, 0.0, 3.0, 50.0, 0.0, 1.0, 0.0, 0.0, 1200.0]",0,True,True,64,60.463,nn,0.78
compas,0,42,3,204,4,"[22, 1, 0, 3, 50, 0, 1, 0, 1, 1]",1,1,"[27.22808249620256, 1.0, 0.0, 3.0, 50.0, 0.0, 1.0, 0.0, 0.0, 1.8430213505864295]",0,True,True,64,59.689,nn,0.78
compas,0,42,3,205,0,"[30, 1, 0, 10, 92, 0, 0, 0, 0, 105]",1,0,"[30.0, 1.0, 3.0, 10.0, 92.0, 0.0, 0.0, 0.0, 0.0, 942.558348721789]",0,True,True,64,60.414,nn,0.78
compas,0,42,3,205,1,"[30, 1, 0, 10, 92, 0, 0, 0, 0, 105]",1,0,"[30.0, 1.0, 3.0, 10.0, 92.0, 0.0, 0.0, 0.0, 0.0, 975.0465175023824]",0,True,True,64,60.626,nn,0.78
compas,0,42,3,205,2,"[30, 1, 0, 10, 92, 0, 0, 0, 0, 105]",1,0,"[30.0, 1.0, 3.0, 10.0, 92.0, 0.0, 0.0, 0.0, 0.0, 1029.6871579046503]",0,True,True,64,60.424,nn,0.78
compas,0,42,3,205,3,"[30, 1, 0, 10, 92, 0, 0, 0, 0, 105]",1,0,"[30.0, 1.0, 3.0, 10.0, 92.0, 0.0, 0.0, 0.0, 0.0, 1002.1087940161663]",0,True,True,64,60.493,nn,0.78
compas,0,42,3,205,4,"[30, 1, 0, 10, 92, 0, 0, 0, 0, 105]",1,0,"[30.0, 1.0, 3.0, 10.0, 92.0, 0.0, 0.0, 0.0, 0.0, 953.4899835573119]",0,True,True,64,60.551,nn,0.78
compas,0,42,3,221,0,"[20, 1, 3, 2, 9, 0, 1, 0, 1, 192]",1,1,"[46.46457472787648, 1.0, 3.0, 2.0, 9.0, 0.0, 1.0, 0.0, 0.0, 192.0]",0,True,True,64,59.716,nn,0.78
compas,0,42,3,221,1,"[20, 1, 3, 2, 9, 0, 1, 0, 1, 192]",1,1,"[28.14005696907474, 1.0, 3.0, 2.0, 9.0, 0.0, 1.0, 0.0, 1.0, 1200.0]",0,True,True,64,59.681,nn,0.78
compas,0,42,3,221,2,"[20, 1, 3, 2, 9, 0, 1, 0, 1, 192]",1,1,"[42.37063994649476, 1.0, 3.0, 2.0, 9.0, 0.0, 1.0, 0.0, 1.0, 952.2309517158665]",0,True,True,64,59.688,nn,0.78
compas,0,42,3,221,3,"[20, 1, 3, 2, 9, 0, 1, 0, 1, 192]",1,1,"[30.185774601207676, 1.0, 3.0, 2.0, 9.0, 0.0, 1.0, 0.0, 1.0, 1200.0]",0,True,True,64,59.77,nn,0.78
compas,0,42,3,221,4,"[20, 1, 3, 2, 9, 0, 1, 0, 1, 192]",1,1,"[34.76326700315283, 1.0, 3.0, 2.0, 9.0, 0.0, 1.0, 0.0, 1.0, 1200.0]",0,True,True,64,59.642,nn,0.78
compas,0,42,3,224,0,"[25, 1, 0, 4, 1, 0, 1, 0, 1, 32]",1,0,"[25.0, 1.0, 0.0, 4.0, 1.0, 0.0, 1.0, 0.0, 0.0, 1140.0384535836645]",0,True,True,64,60.581,nn,0.78
compas,0,42,3,224,1,"[25, 1, 0, 4, 1, 0, 1, 0, 1, 32]",1,0,"[25.0, 1.0, 0.0, 4.0, 1.0, 0.0, 1.0, 0.0, 0.0, 1136.071609219238]",0,True,True,64,60.392,nn,0.78
compas,0,42,3,224,2,"[25, 1, 0, 4, 1, 0, 1, 0, 1, 32]",1,0,"[25.0, 1.0, 0.0, 4.0, 1.0, 0.0, 1.0, 0.0, 0.0, 1200.0]",0,True,True,64,60.415,nn,0.78
compas,0,42,3,224,3,"[25, 1, 0, 4, 1, 0, 1, 0, 1, 32]",1,0,"[25.0, 1.0, 0.0, 4.0, 1.0, 0.0, 1.0, 0.0, 0.0, 1200.0]",0,True,True,64,60.45,nn,0.78
compas,0,42,3,224,4,"[25, 1, 0, 4, 1, 0, 1, 0, 1, 32]",1,0,"[25.0, 1.0, 0.0, 4.0, 1.0, 0.0, 1.0, 0.0, 0.0, 1200.0]",0,True,True,64,60.547,nn,0.78
compas,0,42,3,229,0,"[28, 1, 0, 5, 1, 0, 1, 0, 1, 51]",1,0,"[28.0, 1.0, 0.0, 5.0, 1.0, 0.0, 1.0, 0.0, 0.0, 1172.7274572509998]",0,True,True,64,60.719,nn,0.78
compas,0,42,3,229,1,"[28, 1, 0, 5, 1, 0, 1, 0, 1, 51]",1,0,"[28.0, 1.0, 0.0, 5.0, 1.0, 0.0, 1.0, 0.0, 0.0, 1200.0]",0,True,True,64,60.392,nn,0.78
compas,0,42,3,229,2,"[28, 1, 0, 5, 1, 0, 1, 0, 1, 51]",1,0,"[28.0, 1.0, 0.0, 5.0, 1.0, 0.0, 1.0, 0.0, 0.0, 1200.0]",0,True,True,64,60.649,nn,0.78
compas,0,42,3,229,3,"[28, 1, 0, 5, 1, 0, 1, 0, 1, 51]",1,0,"[28.0, 1.0, 0.0, 5.0, 1.0, 0.0, 1.0, 0.0, 0.0, 1200.0]",0,True,True,64,60.772,nn,0.78
compas,0,42,3,229,4,"[28, 1, 0, 5, 1, 0, 1, 0, 1, 51]",1,0,"[28.0, 1.0, 0.0, 5.0, 1.0, 0.0, 1.0, 0.0, 0.0, 1200.0]",0,True,True,64,60.369,nn,0.78
compas,0,42,3,233,0,"[24, 1, 0, 2, 1, 1, 1, 0, 1, 0]",1,0,"[27.172500453007594, 1.0, 0.0, 0.0, 1.0, 1.0, 1.0, 0.0, 0.0, 0.0]",0,True,True,64,61.353,nn,0.78
compas,0,42,3,233,1,"[24, 1, 0, 2, 1, 1, 1, 0, 1, 0]",1,0,"[24.0, 1.0, 0.0, 2.0, 1.0, 0.0, 1.0, 0.0, 0.0, 0.7840801770826467]",0,True,True,64,60.385,nn,0.78
compas,0,42,3,233,2,"[24, 1, 0, 2, 1, 1, 1, 0, 1, 0]",1,0,"[24.0, 1.0, 0.0, 2.0, 1.0, 1.0, 1.0, 0.0, 0.0, 2.333876574199989]",0,True,True,64,59.641,nn,0.78
compas,0,42,3,233,3,"[24, 1, 0, 2, 1, 1, 1, 0, 1, 0]",1,0,"[24.0, 1.0, 0.0, 2.0, 1.0, 1.0, 1.0, 0.0, 0.0, 0.10489242207118998]",0,True,True,64,60.087,nn,0.78
compas,0,42,3,233,4,"[24, 1, 0, 2, 1, 1, 1, 0, 1, 0]",1,0,"[24.0, 1.0, 0.0, 2.0, 1.0, 0.0, 1.0, 0.0, 0.0, 1200.0]",0,True,True,64,60.21,nn,0.78
compas,0,42,3,234,0,"[20, 1, 5, 8, 1, 0, 1, 1, 1, 1]",1,1,"[26.960616013108474, 1.0, 5.0, 8.0, 1.0, 0.0, 1.0, 1.0, 0.0, 1.0]",0,True,True,64,59.619,nn,0.78
compas,0,42,3,234,1,"[20, 1, 5, 8, 1, 0, 1, 1, 1, 1]",1,1,"[33.39297255355665, 1.0, 5.0, 8.0, 1.0, 0.0, 1.0, 1.0, 0.0, 1.0]",0,True,True,64,59.571,nn,0.78
compas,0,42,3,234,2,"[20, 1, 5, 8, 1, 0, 1, 1, 1, 1]",1,1,"[35.33943051468322, 1.0, 5.0, 8.0, 1.0, 0.0, 1.0, 1.0, 0.0, 1.0]",0,True,True,64,59.412,nn,0.78
compas,0,42,3,234,3,"[20, 1, 5, 8, 1, 0, 1, 1, 1, 1]",1,1,"[36.469820569185586, 1.0, 5.0, 8.0, 1.0, 0.0, 1.0, 1.0, 0.0, 1.0]",0,True,True,64,59.585,nn,0.78
compas,0,42,3,234,4,"[20, 1, 5, 8, 1, 0, 1, 1, 1, 1]",1,1,"[30.24787844491975, 1.0, 5.0, 8.0, 1.0, 0.0, 1.0, 1.0, 1.0, 1200.0]",0,True,True,64,59.639,nn,0.78
compas,0,42,3,237,0,"[21, 1, 2, 1, 0, 0, 1, 0, 1, 36]",1,1,"[31.257874691360556, 1.0, 2.0, 0.0, 0.0, 0.0, 1.0, 0.0, 1.0, 57.521104355446354]",0,True,True,64,58.585,nn,0.78
compas,0,42,3,237,1,"[21, 1, 2, 1, 0, 0, 1, 0, 1, 36]",1,1,"[47.839085517630345, 1.0, 2.0, 0.0, 0.0, 0.0, 1.0, 0.0, 1.0, 46.22123613282265]",0,True,True,64,58.696,nn,0.78
compas,0,42,3,237,2,"[21, 1, 2, 1, 0, 0, 1, 0, 1, 36]",1,1,"[32.39744650171611, 1.0, 2.0, 0.0, 0.0, 0.0, 1.0, 0.0, 1.0, 74.09005710207164]",0,True,True,64,58.744,nn,0.78
compas,0,42,3,237,3,"[21, 1, 2, 1, 0, 0, 1, 0, 1, 36]",1,1,"[38.514689394667556, 1.0, 2.0, 0.0, 47.81993895646173, 0.0, 1.0, 0.0, 1.0, 735.8457865036692]",0,True,True,64,58.663,nn,0.78
compas,0,42,3,237,4,"[21, 1, 2, 1, 0, 0, 1, 0, 1, 36]",1,1,"[21.0, 1.0, 2.0, 1.0, 0.14549530124897103, 0.0, 1.0, 0.0, 0.0, 1200.0]",0,True,True,64,59.063,nn,0.78
compas,0,42,3,239,0,"[35, 1, 0, 4, 1, 0, 1, 0, 1, 353]",1,1,"[35.0, 1.0, 0.0, 4.0, 1.0, 0.0, 1.0, 0.0, 0.0, 1200.0]",0,True,True,64,63.201,nn,0.78
compas,0,42,3,239,1,"[35, 1, 0, 4, 1, 0, 1, 0, 1, 353]",1,1,"[35.0, 1.0, 0.0, 4.0, 1.0, 0.0, 1.0, 0.0, 0.0, 1168.6139252820128]",0,True,True,64,61.33,nn,0.78
compas,0,42,3,239,2,"[35, 1, 0, 4, 1, 0, 1, 0, 1, 353]",1,1,"[35.0, 1.0, 0.0, 4.0, 1.0, 0.0, 1.0, 0.0, 0.0, 1141.353472361497]",0,True,True,64,61.07,nn,0.78
compas,0,42,3,239,3,"[35, 1, 0, 4, 1, 0, 1, 0, 1, 353]",1,1,"[35.0, 1.0, 0.0, 4.0, 1.0, 0.0, 1.0, 0.0, 0.0, 1200.0]",0,True,True,64,61.197,nn,0.78
compas,0,42,3,239,4,"[35, 1, 0, 4, 1, 0, 1, 0, 1, 353]",1,1,"[35.0, 1.0, 0.0, 4.0, 1.0, 0.0, 1.0, 0.0, 0.0, 1194.128859683107]",0,True,True,64,60.895,nn,0.78
compas,0,42,3,248,0,"[20, 1, 0, 2, 56, 0, 1, 0, 1, 56]",1,1,"[23.688992082846845, 1.0, 0.0, 2.0, 56.0, 0.0, 1.0, 0.0, 0.0, 852.699550022676]",0,True,True,64,59.658,nn,0.78
compas,0,42,3,248,1,"[20, 1, 0, 2, 56, 0, 1, 0, 1, 56]",1,1,"[22.345247105147976, 1.0, 0.0, 2.0, 56.0, 0.0, 1.0, 0.0, 0.0, 721.1944477535125]",0,True,True,64,59.845,nn,0.78
compas,0,42,3,248,2,"[20, 1, 0, 2, 56, 0, 1, 0, 1, 56]",1,1,"[24.043892604302755, 1.0, 0.0, 2.0, 56.0, 0.0, 1.0, 0.0, 0.0, 751.0073407549678]",0,True,True,64,59.39,nn,0.78
compas,0,42,3,248,3,"[20, 1, 0, 2, 56, 0, 1, 0, 1, 56]",1,1,"[22.311403228968665, 1.0, 0.0, 2.0, 56.0, 0.0, 1.0, 0.0, 0.0, 826.6430975721825]",0,True,True,64,59.687,nn,0.78
compas,0,42,3,248,4,"[20, 1, 0, 2, 56, 0, 1, 0, 1, 56]",1,1,"[20.942312929109377, 1.0, 0.0, 2.0, 56.0, 0.0, 1.0, 0.0, 0.0, 891.1656415239571]",0,True,True,64,59.69,nn,0.78
compas,0,42,3,251,0,"[25, 1, 0, 15, 1, 0, 1, 1, 1, 2]",1,1,"[25.640390713779492, 1.0, 0.0, 15.033981446017851, 1.0, 0.0, 1.0, 1.0, 0.0, 640.55235428651]",0,True,True,64,59.269,nn,0.78
compas,0,42,3,251,1,"[25, 1, 0, 15, 1, 0, 1, 1, 1, 2]",1,1,"[27.888818910650677, 1.0, 0.0, 15.011474522020333, 1.0, 0.0, 1.0, 1.0, 0.0, 628.3274769125057]",0,True,True,64,59.105,nn,0.78
compas,0,42,3,251,2,"[25, 1, 0, 15, 1, 0, 1, 1, 1, 2]",1,1,"[27.362902002398815, 1.0, 0.0, 15.00242314759512, 1.0, 0.0, 1.0, 1.0, 0.0, 597.9625379123519]",0,True,True,64,58.99,nn,0.78
compas,0,42,3,251,3,"[25, 1, 0, 15, 1, 0, 1, 1, 1, 2]",1,1,"[26.076511075940367, 1.0, 0.0, 15.005878687696288, 1.0, 0.0, 1.0, 1.0, 0.0, 609.6952975758439]",0,True,True,64,58.955,nn,0.78
compas,0,42,3,251,4,"[25, 1, 0, 15, 1, 0, 1, 1, 1, 2]",1,1,"[27.772349935781524, 1.0, 0.0, 14.990313373116072, 1.0, 0.0, 1.0, 1.0, 0.0, 622.8181873850956]",0,True,True,64,59.026,nn,0.78
compas,0,42,3,259,0,"[56, 1, 5, 9, 147, 0, 0, 0, 0, 138]",1,0,"[56.0, 1.0, 5.0, 9.0, 147.0, 0.0, 0.0, 0.0, 0.0, 971.7839340085569]",0,True,True,64,63.437,nn,0.78
compas,0,42,3,259,1,"[56, 1, 5, 9, 147, 0, 0, 0, 0, 138]",1,0,"[56.0, 1.0, 5.0, 9.0, 147.0, 0.0, 0.0, 0.0, 0.0, 943.6874455265045]",0,True,True,64,61.409,nn,0.78
compas,0,42,3,259,2,"[56, 1, 5, 9, 147, 0, 0, 0, 0, 138]",1,0,"[56.0, 1.0, 5.0, 9.0, 147.0, 0.0, 0.0, 0.0, 0.0, 956.4445866095167]",0,True,True,64,60.584,nn,0.78
compas,0,42,3,259,3,"[56, 1, 5, 9, 147, 0, 0, 0, 0, 138]",1,0,"[56.0, 1.0, 5.0, 9.0, 147.0, 0.0, 0.0, 0.0, 0.0, 959.4218421321302]",0,True,True,64,60.94,nn,0.78
compas,0,42,3,259,4,"[56, 1, 5, 9, 147, 0, 0, 0, 0, 138]",1,0,"[56.0, 1.0, 5.0, 9.0, 147.0, 0.0, 0.0, 0.0, 0.0, 1046.593772890063]",0,True,True,64,60.647,nn,0.78
compas,0,42,3,261,0,"[33, 1, 0, 16, 243, 1, 1, 0, 1, 0]",1,1,"[33.0, 1.0, 0.0, 15.986905972066912, 243.0, 0.0, 1.0, 0.0, 0.0, 1.6520403293166175]",0,True,True,64,59.794,nn,0.78
compas,0,42,3,261,1,"[33, 1, 0, 16, 243, 1, 1, 0, 1, 0]",1,1,"[33.0, 1.0, 0.0, 15.998849499051145, 243.0, 0.0, 1.0, 0.0, 0.0, 0.7775384158295484]",0,True,True,64,59.666,nn,0.78
compas,0,42,3,261,2,"[33, 1, 0, 16, 243, 1, 1, 0, 1, 0]",1,1,"[33.0, 1.0, 0.0, 16.000253588957932, 243.0, 0.0, 1.0, 0.0, 0.0, 1.2953692807278538]",0,True,True,64,59.534,nn,0.78
compas,0,42,3,261,3,"[33, 1, 0, 16, 243, 1, 1, 0, 1, 0]",1,1,"[33.0, 1.0, 0.0, 15.980337857964226, 243.0, 0.0, 1.0, 0.0, 0.0, 0.15660974493023616]",0,True,True,64,59.594,nn,0.78
compas,0,42,3,261,4,"[33, 1, 0, 16, 243, 1, 1, 0, 1, 0]",1,1,"[33.0, 1.0, 0.0, 15.983530239175389, 243.0, 0.0, 1.0, 0.0, 0.0, 0.14696444373683004]",0,True,True,64,59.52,nn,0.78
compas,0,42,3,265,0,"[27, 1, 0, 3, 1, 0, 1, 1, 1, 0]",1,1,"[27.0, 1.0, 0.0, 3.0, 1.0, 0.0, 1.0, 1.0, 0.0, 643.333958660399]",0,True,True,64,64.216,nn,0.78
compas,0,42,3,265,1,"[27, 1, 0, 3, 1, 0, 1, 1, 1, 0]",1,1,"[27.0, 1.0, 0.0, 3.0, 1.0, 0.0, 1.0, 1.0, 0.0, 598.6061972157646]",0,True,True,64,60.812,nn,0.78
compas,0,42,3,265,2,"[27, 1, 0, 3, 1, 0, 1, 1, 1, 0]",1,1,"[27.0, 1.0, 0.0, 3.0, 1.0, 0.0, 1.0, 1.0, 0.0, 678.1768247656769]",0,True,True,64,60.84,nn,0.78
compas,0,42,3,265,3,"[27, 1, 0, 3, 1, 0, 1, 1, 1, 0]",1,1,"[27.0, 1.0, 0.0, 3.0, 1.0, 0.0, 1.0, 1.0, 0.0, 640.5424667464483]",0,True,True,64,60.661,nn,0.78
compas,0,42,3,265,4,"[27, 1, 0, 3, 1, 0, 1, 1, 1, 0]",1,1,"[27.0, 1.0, 0.0, 3.0, 1.0, 0.0, 1.0, 1.0, 0.0, 618.7619052402723]",0,True,True,64,60.63,nn,0.78
compas,0,42,3,272,0,"[48, 1, 0, 9, 0, 0, 1, 0, 1, 3]",1,0,"[48.0, 1.0, 0.0, 8.999332150545229, 0.40400192243072297, 0.0, 1.0, 0.0, 0.0, 1192.7180823383148]",0,True,True,64,62.093,nn,0.78
compas,0,42,3,272,1,"[48, 1, 0, 9, 0, 0, 1, 0, 1, 3]",1,0,"[48.0, 1.0, 0.0, 8.980066636470202, 2.9870686200761387, 0.0, 1.0, 0.0, 0.0, 1143.091820757177]",0,True,True,64,60.004,nn,0.78
compas,0,42,3,272,2,"[48, 1, 0, 9, 0, 0, 1, 0, 1, 3]",1,0,"[48.0, 1.0, 0.0, 9.00090716847703, 0.010222870101891601, 0.0, 1.0, 0.0, 0.0, 1145.4308035072588]",0,True,True,64,59.954,nn,0.78
compas,0,42,3,272,3,"[48, 1, 0, 9, 0, 0, 1, 0, 1, 3]",1,0,"[48.0, 1.0, 0.0, 8.995387915707918, 1.3370249245010974, 0.0, 1.0, 0.0, 0.0, 1200.0]",0,True,True,64,60.124,nn,0.78
compas,0,42,3,272,4,"[48, 1, 0, 9, 0, 0, 1, 0, 1, 3]",1,0,"[48.0, 1.0, 0.0, 8.998394122889646, 0.02823575112246557, 0.0, 1.0, 0.0, 0.0, 1200.0]",0,True,True,64,60.085,nn,0.78
compas,0,42,3,280,0,"[21, 1, 0, 1, 8, 0, 0, 0, 0, 8]",1,1,"[21.0, 1.0, 0.0, 0.0, 7.935653387706548, 0.0, 0.0, 0.0, 0.0, 10.772996318830828]",0,True,True,64,63.436,nn,0.78
compas,0,42,3,280,1,"[21, 1, 0, 1, 8, 0, 0, 0, 0, 8]",1,1,"[21.0, 1.0, 0.0, 0.0, 8.198045614094585, 0.0, 0.0, 0.0, 0.0, 10.225872468883198]",0,True,True,64,60.25,nn,0.78
compas,0,42,3,280,2,"[21, 1, 0, 1, 8, 0, 0, 0, 0, 8]",1,1,"[21.0, 1.0, 0.0, 0.0, 8.083985898891502, 0.0, 0.0, 0.0, 0.0, 8.096099540096498]",0,True,True,64,60.368,nn,0.78
compas,0,42,3,280,3,"[21, 1, 0, 1, 8, 0, 0, 0, 0, 8]",1,1,"[21.0, 1.0, 0.0, 0.0, 8.032101755773935, 0.0, 0.0, 0.0, 0.0, 9.959973285829587]",0,True,True,64,59.902,nn,0.78
compas,0,42,3,280,4,"[21, 1, 0, 1, 8, 0, 0, 0, 0, 8]",1,1,"[21.0, 1.0, 0.0, 0.0, 7.755329089939721, 0.0, 0.0, 0.0, 0.0, 11.962154284760606]",0,True,True,64,60.272,nn,0.78
compas,0,42,3,283,0,"[54, 1, 2, 14, 1, 1, 1, 1, 1, 28]",1,0,"[54.0, 1.0, 2.0, 14.004451476577021, 1.0, 0.0, 1.0, 1.0, 0.0, 28.0]",0,True,True,64,59.209,nn,0.78
compas,0,42,3,283,1,"[54, 1, 2, 14, 1, 1, 1, 1, 1, 28]",1,0,"[54.0, 1.0, 2.0, 13.973014290584558, 1.0, 0.0, 1.0, 1.0, 0.0, 28.0]",0,True,True,64,59.344,nn,0.78
compas,0,42,3,283,2,"[54, 1, 2, 14, 1, 1, 1, 1, 1, 28]",1,0,"[54.0, 1.0, 2.0, 13.9887415261668, 1.0, 0.0, 1.0, 1.0, 0.0, 28.0]",0,True,True,64,59.566,nn,0.78
compas,0,42,3,283,3,"[54, 1, 2, 14, 1, 1, 1, 1, 1, 28]",1,0,"[54.0, 1.0, 2.0, 13.983226133733256, 1.0, 0.0, 1.0, 1.0, 0.0, 28.0]",0,True,True,64,59.738,nn,0.78
compas,0,42,3,283,4,"[54, 1, 2, 14, 1, 1, 1, 1, 1, 28]",1,0,"[54.0, 1.0, 2.0, 14.026497396332276, 1.0, 0.0, 1.0, 1.0, 0.0, 28.0]",0,True,True,64,59.639,nn,0.78
compas,0,42,3,291,0,"[29, 0, 0, 11, 1, 0, 0, 0, 0, 0]",1,1,"[29.0, 0.0, 3.0, 11.0, 1.0, 0.0, 0.0, 0.0, 0.0, 973.1710165529219]",0,True,True,64,64.162,nn,0.78
compas,0,42,3,291,1,"[29, 0, 0, 11, 1, 0, 0, 0, 0, 0]",1,1,"[29.0, 0.0, 3.0, 11.0, 1.0, 0.0, 0.0, 0.0, 0.0, 896.088976502573]",0,True,True,64,60.989,nn,0.78
compas,0,42,3,291,2,"[29, 0, 0, 11, 1, 0, 0, 0, 0, 0]",1,1,"[29.0, 0.0, 3.0, 11.0, 1.0, 0.0, 0.0, 0.0, 0.0, 888.1309245758155]",0,True,True,64,60.704,nn,0.78
compas,0,42,3,291,3,"[29, 0, 0, 11, 1, 0, 0, 0, 0, 0]",1,1,"[29.0, 0.0, 3.0, 11.0, 1.0, 0.0, 0.0, 0.0, 0.0, 915.1311508670809]",0,True,True,64,60.726,nn,0.78
compas,0,42,3,291,4,"[29, 0, 0, 11, 1, 0, 0, 0, 0, 0]",1,1,"[29.0, 0.0, 3.0, 11.0, 1.0, 0.0, 0.0, 0.0, 0.0, 924.9182690056678]",0,True,True,64,60.461,nn,0.78
compas,0,42,3,292,0,"[26, 1, 0, 14, 0, 0, 1, 0, 1, 1]",1,1,"[27.338764422172716, 1.0, 0.0, 14.002262715431776, 20.101933606610714, 0.0, 1.0, 0.0, 0.0, 1.991642289784731]",0,True,True,64,58.997,nn,0.78
compas,0,42,3,292,1,"[26, 1, 0, 14, 0, 0, 1, 0, 1, 1]",1,1,"[26.639718326854197, 1.0, 0.0, 13.9995354141053, 4.517339657947566, 0.0, 1.0, 0.0, 0.0, 1.6988361645895926]",0,True,True,64,58.957,nn,0.78
compas,0,42,3,292,2,"[26, 1, 0, 14, 0, 0, 1, 0, 1, 1]",1,1,"[32.952203420643805, 1.0, 0.0, 14.038913485120977, 0.9842944817666321, 0.0, 1.0, 0.0, 0.0, 1.5770766257330444]",0,True,True,64,58.994,nn,0.78
compas,0,42,3,292,3,"[26, 1, 0, 14, 0, 0, 1, 0, 1, 1]",1,1,"[27.448829358980596, 1.0, 0.0, 13.99770567716259, 0.5470330288511001, 0.0, 1.0, 0.0, 0.0, 1200.0]",0,True,True,64,58.798,nn,0.78
compas,0,42,3,292,4,"[26, 1, 0, 14, 0, 0, 1, 0, 1, 1]",1,1,"[26.683206023972257, 1.0, 0.0, 14.004736078423603, 0.004662637285605342, 0.0, 1.0, 0.0, 0.0, 1200.0]",0,True,True,64,58.783,nn,0.78
compas,0,42,3,294,0,"[58, 1, 0, 24, 0, 0, 1, 0, 1, 3]",1,0,"[58.0, 1.0, 0.0, 24.008280442056847, 0.2802791813177592, 0.0, 1.0, 0.0, 0.0, 1200.0]",0,True,True,64,60.273,nn,0.78
compas,0,42,3,294,1,"[58, 1, 0, 24, 0, 0, 1, 0, 1, 3]",1,0,"[58.0, 1.0, 0.0, 23.98336822953821, 0.23653629124311237, 0.0, 1.0, 0.0, 0.0, 1147.0447790956032]",0,True,True,64,60.008,nn,0.78
compas,0,42,3,294,2,"[58, 1, 0, 24, 0, 0, 1, 0, 1, 3]",1,0,"[58.0, 1.0, 0.0, 23.991442886321625, 0.029480573532825627, 0.0, 1.0, 0.0, 0.0, 1200.0]",0,True,True,64,60.112,nn,0.78
compas,0,42,3,294,3,"[58, 1, 0, 24, 0, 0, 1, 0, 1, 3]",1,0,"[58.0, 1.0, 0.0, 24.001642413727414, 0.13181374628568854, 0.0, 1.0, 0.0, 0.0, 1200.0]",0,True,True,64,59.712,nn,0.78
compas,0,42,3,294,4,"[58, 1, 0, 24, 0, 0, 1, 0, 1, 3]",1,0,"[58.0, 1.0, 0.0, 23.99023873953185, 0.16413604836578344, 0.0, 1.0, 0.0, 0.0, 1200.0]",0,True,True,64,59.698,nn,0.78
compas,0,42,3,298,0,"[30, 1, 0, 11, 1, 0, 0, 0, 0, 0]",1,1,"[30.0, 1.0, 0.0, 0.0, 1.0, 0.0, 0.0, 0.0, 0.0, 7.594000878754892]",0,True,True,64,63.309,nn,0.78
compas,0,42,3,298,1,"[30, 1, 0, 11, 1, 0, 0, 0, 0, 0]",1,1,"[30.0, 1.0, 3.0, 11.0, 1.0, 0.0, 0.0, 0.0, 0.0, 995.5994338245655]",0,True,True,64,60.684,nn,0.78
compas,0,42,3,298,2,"[30, 1, 0, 11, 1, 0, 0, 0, 0, 0]",1,1,"[30.0, 1.0, 0.0, 0.0, 1.0, 0.0, 0.0, 0.0, 0.0, 3.100955683857576]",0,True,True,64,60.52,nn,0.78
compas,0,42,3,298,3,"[30, 1, 0, 11, 1, 0, 0, 0, 0, 0]",1,1,"[30.0, 1.0, 5.0, 11.0, 1.0, 0.0, 0.0, 0.0, 0.0, 1200.0]",0,True,True,64,60.444,nn,0.78
compas,0,42,3,298,4,"[30, 1, 0, 11, 1, 0, 0, 0, 0, 0]",1,1,"[30.0, 1.0, 5.0, 11.0, 1.0, 0.0, 0.0, 0.0, 0.0, 1012.5679897201518]",0,True,True,64,60.494,nn,0.78
compas,0,42,3,305,0,"[21, 1, 0, 0, 1, 0, 1, 0, 1, 8]",1,1,"[21.0, 1.0, 0.0, 0.0, 1.0, 0.0, 1.0, 0.0, 0.0, 8.44370859270689]",0,True,True,64,60.026,nn,0.78
compas,0,42,3,305,1,"[21, 1, 0, 0, 1, 0, 1, 0, 1, 8]",1,1,"[21.48205757169317, 1.0, 0.0, 0.0, 1.0, 0.0, 1.0, 0.0, 0.0, 1161.1933917396334]",0,True,True,64,58.906,nn,0.78
compas,0,42,3,305,2,"[21, 1, 0, 0, 1, 0, 1, 0, 1, 8]",1,1,"[21.0, 1.0, 0.0, 0.0, 1.0, 0.0, 1.0, 0.0, 0.0, 1200.0]",0,True,True,64,59.819,nn,0.78
compas,0,42,3,305,3,"[21, 1, 0, 0, 1, 0, 1, 0, 1, 8]",1,1,"[21.686439797401537, 1.0, 0.0, 0.0, 1.0, 0.0, 1.0, 0.0, 0.0, 12.372997669111616]",0,True,True,64,59.014,nn,0.78
compas,0,42,3,305,4,"[21, 1, 0, 0, 1, 0, 1, 0, 1, 8]",1,1,"[21.0, 1.0, 0.0, 0.0, 1.0, 0.0, 1.0, 0.0, 0.0, 1141.6623380757069]",0,True,True,64,59.82,nn,0.78
compas,0,42,3,308,0,"[57, 1, 0, 12, 1, 0, 0, 0, 0, 50]",1,1,"[57.0, 1.0, 3.0, 12.0, 1.0, 0.0, 0.0, 0.0, 0.0, 1061.988922572592]",0,True,True,64,60.457,nn,0.78
compas,0,42,3,308,1,"[57, 1, 0, 12, 1, 0, 0, 0, 0, 50]",1,1,"[57.0, 1.0, 3.0, 12.0, 1.0, 0.0, 0.0, 0.0, 0.0, 1044.4247672563304]",0,True,True,64,60.471,nn,0.78
compas,0,42,3,308,2,"[57, 1, 0, 12, 1, 0, 0, 0, 0, 50]",1,1,"[57.0, 1.0, 5.0, 12.0, 1.0, 0.0, 0.0, 0.0, 0.0, 1096.9965984814833]",0,True,True,64,60.515,nn,0.78
compas,0,42,3,308,3,"[57, 1, 0, 12, 1, 0, 0, 0, 0, 50]",1,1,"[57.0, 1.0, 5.0, 12.0, 1.0, 0.0, 0.0, 0.0, 0.0, 1138.7204683488299]",0,True,True,64,60.268,nn,0.78
compas,0,42,3,308,4,"[57, 1, 0, 12, 1, 0, 0, 0, 0, 50]",1,1,"[57.0, 1.0, 5.0, 12.0, 1.0, 0.0, 0.0, 0.0, 0.0, 1016.6857066022799]",0,True,True,64,60.192,nn,0.78
compas,0,42,3,309,0,"[26, 1, 0, 13, 0, 0, 1, 0, 1, 1]",1,1,"[31.463606193857615, 1.0, 0.0, 13.013418225636077, 0.7671521488164998, 0.0, 1.0, 0.0, 0.0, 1.4814114927879891]",0,True,True,64,58.859,nn,0.78
compas,0,42,3,309,1,"[26, 1, 0, 13, 0, 0, 1, 0, 1, 1]",1,1,"[29.302940699104806, 1.0, 0.0, 12.997622986541673, 0.10960846124491042, 0.0, 1.0, 0.0, 0.0, 1200.0]",0,True,True,64,58.879,nn,0.78
compas,0,42,3,309,2,"[26, 1, 0, 13, 0, 0, 1, 0, 1, 1]",1,1,"[27.083551829738173, 1.0, 0.0, 12.98144364415726, 3.4574029276890954, 0.0, 1.0, 0.0, 0.0, 2.263887210564217]",0,True,True,64,58.905,nn,0.78
compas,0,42,3,309,3,"[26, 1, 0, 13, 0, 0, 1, 0, 1, 1]",1,1,"[27.869702691954597, 1.0, 0.0, 13.012667156767876, 0.3116564115947824, 0.0, 1.0, 0.0, 0.0, 1200.0]",0,True,True,64,58.948,nn,0.78
compas,0,42,3,309,4,"[26, 1, 0, 13, 0, 0, 1, 0, 1, 1]",1,1,"[27.01386612987897, 1.0, 0.0, 13.001299306064062, 0.2445946488346955, 0.0, 1.0, 0.0, 0.0, 1200.0]",0,True,True,64,58.764,nn,0.78
compas,0,42,3,312,0,"[23, 0, 0, 2, 1, 0, 1, 0, 1, 1]",1,1,"[23.0, 0.0, 0.0, 2.0, 1.0, 0.0, 1.0, 0.0, 0.0, 2.3728253568897464]",0,True,True,64,60.844,nn,0.78
compas,0,42,3,312,1,"[23, 0, 0, 2, 1, 0, 1, 0, 1, 1]",1,1,"[23.0, 0.0, 0.0, 2.0, 1.0, 0.0, 1.0, 0.0, 0.0, 1.7627260709888]",0,True,True,64,60.384,nn,0.78
compas,0,42,3,312,2,"[23, 0, 0, 2, 1, 0, 1, 0, 1, 1]",1,1,"[23.0, 0.0, 0.0, 2.0, 1.0, 0.0, 1.0, 0.0, 0.0, 1200.0]",0,True,True,64,60.511,nn,0.78
compas,0,42,3,312,3,"[23, 0, 0, 2, 1, 0, 1, 0, 1, 1]",1,1,"[23.02239976112051, 0.0, 0.0, 2.0, 1.0, 0.0, 1.0, 0.0, 0.0, 1200.0]",0,True,True,64,60.02,nn,0.78
compas,0,42,3,312,4,"[23, 0, 0, 2, 1, 0, 1, 0, 1, 1]",1,1,"[23.0, 0.0, 0.0, 2.0, 1.0, 0.0, 1.0, 0.0, 0.0, 1200.0]",0,True,True,64,60.635,nn,0.78
compas,0,42,3,315,0,"[31, 0, 0, 7, 1, 0, 1, 0, 1, 1]",1,0,"[39.23907792237388, 0.0, 0.0, 7.0, 1.0, 0.0, 1.0, 0.0, 0.0, 1.6685397523610082]",0,True,True,64,59.5,nn,0.78
compas,0,42,3,315,1,"[31, 0, 0, 7, 1, 0, 1, 0, 1, 1]",1,0,"[36.48809892502895, 0.0, 0.0, 6.959453850815473, 1.0, 0.0, 1.0, 0.0, 0.0, 1.0972244658268835]",0,True,True,64,58.772,nn,0.78
compas,0,42,3,315,2,"[31, 0, 0, 7, 1, 0, 1, 0, 1, 1]",1,0,"[31.174383164747155, 0.0, 0.0, 7.000367684062896, 1.0, 0.0, 1.0, 0.0, 0.0, 1200.0]",0,True,True,64,58.929,nn,0.78
compas,0,42,3,315,3,"[31, 0, 0, 7, 1, 0, 1, 0, 1, 1]",1,0,"[81.09788087859089, 0.0, 0.0, 7.0, 1.0, 0.0, 1.0, 0.0, 0.0, 1.3366150252153488]",0,True,True,64,59.451,nn,0.78
compas,0,42,3,315,4,"[31, 0, 0, 7, 1, 0, 1, 0, 1, 1]",1,0,"[40.28561438981778, 0.0, 0.0, 7.0, 1.0, 0.0, 1.0, 0.0, 0.0, 1.511573699868081]",0,True,True,64,59.158,nn,0.78
compas,0,42,3,319,0,"[25, 0, 0, 4, 46, 1, 1, 1, 1, 16]",1,1,"[25.0, 0.0, 0.0, 4.0, 46.0, 0.0, 1.0, 1.0, 0.0, 844.2295518374041]",0,True,True,64,60.545,nn,0.78
compas,0,42,3,319,1,"[25, 0, 0, 4, 46, 1, 1, 1, 1, 16]",1,1,"[25.0, 0.0, 0.0, 4.0, 45.22503017892076, 0.0, 1.0, 1.0, 0.0, 526.3677988467325]",0,True,True,64,60.945,nn,0.78
compas,0,42,3,319,2,"[25, 0, 0, 4, 46, 1, 1, 1, 1, 16]",1,1,"[25.0, 0.0, 0.0, 4.0, 46.0, 0.0, 1.0, 1.0, 0.0, 872.2634049647571]",0,True,True,64,60.7,nn,0.78
compas,0,42,3,319,3,"[25, 0, 0, 4, 46, 1, 1, 1, 1, 16]",1,1,"[25.0, 0.0, 0.0, 4.0, 46.0, 0.0, 1.0, 1.0, 0.0, 841.0372171622327]",0,True,True,64,60.615,nn,0.78
compas,0,42,3,319,4,"[25, 0, 0, 4, 46, 1, 1, 1, 1, 16]",1,1,"[25.0, 0.0, 0.0, 4.0, 46.0, 0.0, 1.0, 1.0, 0.0, 887.0480709004577]",0,True,True,64,60.755,nn,0.78
compas,0,42,3,321,0,"[38, 1, 0, 6, 205, 0, 1, 1, 1, 202]",1,0,"[38.0, 1.0, 0.0, 6.0, 205.0, 0.0, 1.0, 1.0, 0.0, 899.2395195672826]",0,True,True,64,60.91,nn,0.78
compas,0,42,3,321,1,"[38, 1, 0, 6, 205, 0, 1, 1, 1, 202]",1,0,"[38.0, 1.0, 0.0, 6.0, 205.65735389719072, 0.0, 1.0, 1.0, 0.0, 590.6761309188203]",0,True,True,64,60.59,nn,0.78
compas,0,42,3,321,2,"[38, 1, 0, 6, 205, 0, 1, 1, 1, 202]",1,0,"[38.0, 1.0, 0.0, 6.0, 209.70272550462244, 0.0, 1.0, 1.0, 0.0, 622.5716932407919]",0,True,True,64,60.835,nn,0.78
compas,0,42,3,321,3,"[38, 1, 0, 6, 205, 0, 1, 1, 1, 202]",1,0,"[38.0, 1.0, 0.0, 6.0, 205.56078878569943, 0.0, 1.0, 1.0, 0.0, 585.4945414865228]",0,True,True,64,60.711,nn,0.78
compas,0,42,3,321,4,"[38, 1, 0, 6, 205, 0, 1, 1, 1, 202]",1,0,"[38.0, 1.0, 0.0, 6.0, 199.8430557653465, 0.0, 1.0, 1.0, 0.0, 672.9195421007153]",0,True,True,64,60.82,nn,0.78
compas,0,42,3,322,0,"[37, 1, 0, 24, 1, 0, 0, 0, 0, 19]",1,1,"[37.0, 1.0, 3.0, 24.0, 1.0, 0.0, 0.0, 0.0, 0.0, 988.8897684432997]",0,True,True,64,60.536,nn,0.78
compas,0,42,3,322,1,"[37, 1, 0, 24, 1, 0, 0, 0, 0, 19]",1,1,"[37.0, 1.0, 3.0, 24.0, 1.0, 0.0, 0.0, 0.0, 0.0, 997.6859732135594]",0,True,True,64,60.385,nn,0.78
compas,0,42,3,322,2,"[37, 1, 0, 24, 1, 0, 0, 0, 0, 19]",1,1,"[37.0, 1.0, 3.0, 24.0, 1.0, 0.0, 0.0, 0.0, 0.0, 1007.9456756447997]",0,True,True,64,60.074,nn,0.78
compas,0,42,3,322,3,"[37, 1, 0, 24, 1, 0, 0, 0, 0, 19]",1,1,"[37.0, 1.0, 5.0, 24.0, 1.0, 0.0, 0.0, 0.0, 0.0, 1034.174019041342]",0,True,True,64,60.42,nn,0.78
compas,0,42,3,322,4,"[37, 1, 0, 24, 1, 0, 0, 0, 0, 19]",1,1,"[37.0, 1.0, 3.0, 24.0, 1.0, 0.0, 0.0, 0.0, 0.0, 1000.3450972743542]",0,True,True,64,60.21,nn,0.78
compas,0,42,3,328,0,"[25, 1, 0, 9, 0, 0, 0, 0, 0, 2]",1,1,"[25.0, 1.0, 5.0, 9.0, 0.5313815839783729, 0.0, 0.0, 0.0, 0.0, 996.5571636777465]",0,True,True,64,60.736,nn,0.78
compas,0,42,3,328,1,"[25, 1, 0, 9, 0, 0, 0, 0, 0, 2]",1,1,"[25.0, 1.0, 3.0, 9.0, 1.8143031720336111, 0.0, 0.0, 0.0, 0.0, 1071.3932853627807]",0,True,True,64,60.663,nn,0.78
compas,0,42,3,328,2,"[25, 1, 0, 9, 0, 0, 0, 0, 0, 2]",1,1,"[25.0, 1.0, 3.0, 9.0, 0.5347462439472963, 0.0, 0.0, 0.0, 0.0, 956.1548301564821]",0,True,True,64,60.814,nn,0.78
compas,0,42,3,328,3,"[25, 1, 0, 9, 0, 0, 0, 0, 0, 2]",1,1,"[25.0, 1.0, 3.0, 9.0, 1.1526495672910357, 0.0, 0.0, 0.0, 0.0, 1020.5779334959749]",0,True,True,64,60.58,nn,0.78
compas,0,42,3,328,4,"[25, 1, 0, 9, 0, 0, 0, 0, 0, 2]",1,1,"[25.0, 1.0, 5.0, 9.0, 1.3628593652658783, 0.0, 0.0, 0.0, 0.0, 1030.5160692902784]",0,True,True,64,60.753,nn,0.78
compas,0,42,3,334,0,"[48, 0, 3, 9, 87, 0, 0, 0, 0, 57]",1,0,"[48.0, 0.0, 3.0, 9.0, 87.0, 0.0, 0.0, 0.0, 0.0, 703.6113344277908]",0,True,True,64,60.636,nn,0.78
compas,0,42,3,334,1,"[48, 0, 3, 9, 87, 0, 0, 0, 0, 57]",1,0,"[48.0, 0.0, 3.0, 9.0, 87.0, 0.0, 0.0, 0.0, 0.0, 679.8174191383549]",0,True,True,64,60.596,nn,0.78
compas,0,42,3,334,2,"[48, 0, 3, 9, 87, 0, 0, 0, 0, 57]",1,0,"[48.0, 0.0, 3.0, 9.0, 87.0, 0.0, 0.0, 0.0, 0.0, 732.7573929968752]",0,True,True,64,60.844,nn,0.78
compas,0,42,3,334,3,"[48, 0, 3, 9, 87, 0, 0, 0, 0, 57]",1,0,"[48.0, 0.0, 3.0, 9.0, 87.0, 0.0, 0.0, 0.0, 0.0, 673.9237792130469]",0,True,True,64,60.644,nn,0.78
compas,0,42,3,334,4,"[48, 0, 3, 9, 87, 0, 0, 0, 0, 57]",1,0,"[48.0, 0.0, 3.0, 9.0, 87.0, 0.0, 0.0, 0.0, 0.0, 645.5582702880262]",0,True,True,64,60.665,nn,0.78
compas,0,42,3,336,0,"[25, 1, 0, 5, 118, 0, 0, 0, 0, 85]",1,1,"[25.0, 1.0, 3.0, 5.0, 118.0, 0.0, 0.0, 0.0, 0.0, 829.123784547784]",0,True,True,64,60.572,nn,0.78
compas,0,42,3,336,1,"[25, 1, 0, 5, 118, 0, 0, 0, 0, 85]",1,1,"[25.0, 1.0, 3.0, 5.0, 118.0, 0.0, 0.0, 0.0, 0.0, 980.6407821560929]",0,True,True,64,60.947,nn,0.78
compas,0,42,3,336,2,"[25, 1, 0, 5, 118, 0, 0, 0, 0, 85]",1,1,"[25.0, 1.0, 3.0, 5.0, 118.0, 0.0, 0.0, 0.0, 0.0, 1117.3475067711288]",0,True,True,64,60.792,nn,0.78
compas,0,42,3,336,3,"[25, 1, 0, 5, 118, 0, 0, 0, 0, 85]",1,1,"[25.0, 1.0, 5.0, 5.0, 118.0, 0.0, 0.0, 0.0, 0.0, 984.8213886753049]",0,True,True,64,60.741,nn,0.78
compas,0,42,3,336,4,"[25, 1, 0, 5, 118, 0, 0, 0, 0, 85]",1,1,"[25.0, 1.0, 3.0, 5.0, 118.0, 0.0, 0.0, 0.0, 0.0, 1096.6876860221425]",0,True,True,64,60.592,nn,0.78
compas,0,42,3,343,0,"[47, 1, 0, 23, 1, 0, 1, 0, 1, 403]",1,1,"[47.0, 1.0, 0.0, 22.98559947529393, 1.0, 0.0, 1.0, 0.0, 0.0, 1163.9886912195016]",0,True,True,64,59.781,nn,0.78
compas,0,42,3,343,1,"[47, 1, 0, 23, 1, 0, 1, 0, 1, 403]",1,1,"[47.0, 1.0, 0.0, 22.99952150413676, 1.0, 0.0, 1.0, 0.0, 0.0, 1200.0]",0,True,True,64,60.203,nn,0.78
compas,0,42,3,343,2,"[47, 1, 0, 23, 1, 0, 1, 0, 1, 403]",1,1,"[47.0, 1.0, 0.0, 22.97835486695629, 1.0, 0.0, 1.0, 0.0, 0.0, 1191.9750935826758]",0,True,True,64,60.074,nn,0.78
compas,0,42,3,343,3,"[47, 1, 0, 23, 1, 0, 1, 0, 1, 403]",1,1,"[47.0, 1.0, 0.0, 23.013234030736157, 1.0, 0.0, 1.0, 0.0, 0.0, 1200.0]",0,True,True,64,60.299,nn,0.78
compas,0,42,3,343,4,"[47, 1, 0, 23, 1, 0, 1, 0, 1, 403]",1,1,"[47.0, 1.0, 0.0, 23.005068560639273, 1.0, 0.0, 1.0, 0.0, 0.0, 1160.4047404546623]",0,True,True,64,60.064,nn,0.78
compas,0,42,3,348,0,"[24, 1, 3, 11, 15, 0, 1, 1, 1, 0]",1,1,"[34.9488579094193, 1.0, 3.0, 11.0, 15.0, 0.0, 1.0, 1.0, 0.0, 0.0]",0,True,True,64,59.944,nn,0.78
compas,0,42,3,348,1,"[24, 1, 3, 11, 15, 0, 1, 1, 1, 0]",1,1,"[38.4531058538072, 1.0, 3.0, 11.0, 15.0, 0.0, 1.0, 1.0, 0.0, 0.0]",0,True,True,64,59.829,nn,0.78
compas,0,42,3,348,2,"[24, 1, 3, 11, 15, 0, 1, 1, 1, 0]",1,1,"[35.12099416882999, 1.0, 3.0, 11.0, 15.0, 0.0, 1.0, 1.0, 0.0, 0.0]",0,True,True,64,59.666,nn,0.78
compas,0,42,3,348,3,"[24, 1, 3, 11, 15, 0, 1, 1, 1, 0]",1,1,"[26.732640484627833, 1.0, 3.0, 11.0, 15.0, 0.0, 1.0, 1.0, 0.0, 0.0]",0,True,True,64,59.634,nn,0.78
compas,0,42,3,348,4,"[24, 1, 3, 11, 15, 0, 1, 1, 1, 0]",1,1,"[53.0259183319544, 1.0, 3.0, 11.0, 15.0, 0.0, 1.0, 1.0, 1.0, 0.0]",0,True,True,64,60.031,nn,0.78
compas,0,42,3,349,0,"[26, 1, 0, 8, 85, 1, 1, 1, 1, 84]",1,1,"[26.0, 1.0, 0.0, 8.0, 85.0, 0.0, 1.0, 1.0, 0.0, 706.7793628380379]",0,True,True,64,60.725,nn,0.78
compas,0,42,3,349,1,"[26, 1, 0, 8, 85, 1, 1, 1, 1, 84]",1,1,"[26.0, 1.0, 0.0, 8.0, 85.0, 0.0, 1.0, 1.0, 0.0, 670.9634111120122]",0,True,True,64,60.602,nn,0.78
compas,0,42,3,349,2,"[26, 1, 0, 8, 85, 1, 1, 1, 1, 84]",1,1,"[26.0, 1.0, 0.0, 8.0, 85.0, 0.0, 1.0, 1.0, 0.0, 640.0510258432168]",0,True,True,64,60.818,nn,0.78
compas,0,42,3,349,3,"[26, 1, 0, 8, 85, 1, 1, 1, 1, 84]",1,1,"[26.0, 1.0, 0.0, 8.0, 85.0, 0.0, 1.0, 1.0, 0.0, 691.4164541268094]",0,True,True,64,60.748,nn,0.78
compas,0,42,3,349,4,"[26, 1, 0, 8, 85, 1, 1, 1, 1, 84]",1,1,"[26.0, 1.0, 0.0, 8.0, 85.0, 0.0, 1.0, 1.0, 0.0, 766.0559449435985]",0,True,True,64,60.475,nn,0.78
compas,0,42,3,353,0,"[20, 1, 3, 3, 1, 0, 1, 0, 1, 42]",1,1,"[36.052111187379374, 1.0, 3.0, 3.0, 1.0, 0.0, 1.0, 0.0, 1.0, 1200.0]",0,True,True,64,59.651,nn,0.78
compas,0,42,3,353,1,"[20, 1, 3, 3, 1, 0, 1, 0, 1, 42]",1,1,"[44.87095090824048, 1.0, 3.0, 3.0, 1.0, 0.0, 1.0, 0.0, 1.0, 1200.0]",0,True,True,64,59.679,nn,0.78
compas,0,42,3,353,2,"[20, 1, 3, 3, 1, 0, 1, 0, 1, 42]",1,1,"[42.49047362944482, 1.0, 3.0, 3.0, 1.0, 0.0, 1.0, 0.0, 1.0, 1200.0]",0,True,True,64,59.677,nn,0.78
compas,0,42,3,353,3,"[20, 1, 3, 3, 1, 0, 1, 0, 1, 42]",1,1,"[35.541779639843526, 1.0, 3.0, 3.0, 1.0, 0.0, 1.0, 0.0, 1.0, 1200.0]",0,True,True,64,59.619,nn,0.78
compas,0,42,3,353,4,"[20, 1, 3, 3, 1, 0, 1, 0, 1, 42]",1,1,"[42.38321472478476, 1.0, 3.0, 3.0, 1.0, 0.0, 1.0, 0.0, 1.0, 1200.0]",0,True,True,64,59.741,nn,0.78
compas,0,42,3,360,0,"[31, 1, 0, 2, 43, 0, 1, 0, 1, 43]",1,0,"[31.0, 1.0, 0.0, 2.0, 43.0, 0.0, 1.0, 0.0, 0.0, 1200.0]",0,True,True,64,60.784,nn,0.78
compas,0,42,3,360,1,"[31, 1, 0, 2, 43, 0, 1, 0, 1, 43]",1,0,"[31.0, 1.0, 0.0, 2.0, 43.0, 0.0, 1.0, 0.0, 0.0, 1200.0]",0,True,True,64,60.821,nn,0.78
compas,0,42,3,360,2,"[31, 1, 0, 2, 43, 0, 1, 0, 1, 43]",1,0,"[31.0, 1.0, 0.0, 2.0, 43.0, 0.0, 1.0, 0.0, 0.0, 1200.0]",0,True,True,64,60.96,nn,0.78
compas,0,42,3,360,3,"[31, 1, 0, 2, 43, 0, 1, 0, 1, 43]",1,0,"[31.0, 1.0, 0.0, 2.0, 43.0, 0.0, 1.0, 0.0, 0.0, 1184.6666537651822]",0,True,True,64,60.725,nn,0.78
compas,0,42,3,360,4,"[31, 1, 0, 2, 43, 0, 1, 0, 1, 43]",1,0,"[31.0, 1.0, 0.0, 2.0, 43.0, 0.0, 1.0, 0.0, 0.0, 1200.0]",0,True,True,64,59.674,nn,0.78
compas,0,42,3,365,0,"[29, 1, 0, 10, 1, 1, 1, 0, 1, 108]",1,1,"[29.0, 1.0, 0.0, 10.0, 1.0, 0.0, 1.0, 0.0, 0.0, 1176.7586955072957]",0,True,True,64,55.4,nn,0.78
compas,0,42,3,365,1,"[29, 1, 0, 10, 1, 1, 1, 0, 1, 108]",1,1,"[29.0, 1.0, 0.0, 10.0, 1.0, 0.0, 1.0, 0.0, 0.0, 1200.0]",0,True,True,64,51.619,nn,0.78
compas,0,42,3,365,2,"[29, 1, 0, 10, 1, 1, 1, 0, 1, 108]",1,1,"[29.0, 1.0, 0.0, 10.0, 1.0, 0.0, 1.0, 0.0, 0.0, 1200.0]",0,True,True,64,51.48,nn,0.78
compas,0,42,3,365,3,"[29, 1, 0, 10, 1, 1, 1, 0, 1, 108]",1,1,"[29.0, 1.0, 0.0, 10.0, 1.0, 0.0, 1.0, 0.0, 0.0, 1200.0]",0,True,True,64,51.667,nn,0.78
compas,0,42,3,365,4,"[29, 1, 0, 10, 1, 1, 1, 0, 1, 108]",1,1,"[29.0, 1.0, 0.0, 10.0, 1.0, 0.0, 1.0, 0.0, 0.0, 1200.0]",0,True,True,64,51.82,nn,0.78
compas,0,42,3,374,0,"[30, 1, 0, 14, 1, 0, 1, 0, 1, 2]",1,1,"[32.20925831062788, 1.0, 0.0, 14.006016264790615, 1.0, 0.0, 1.0, 0.0, 0.0, 1200.0]",0,True,True,64,54.197,nn,0.78
compas,0,42,3,374,1,"[30, 1, 0, 14, 1, 0, 1, 0, 1, 2]",1,1,"[31.814719611560868, 1.0, 0.0, 14.003199379072232, 1.0, 0.0, 1.0, 0.0, 0.0, 1200.0]",0,True,True,64,50.723,nn,0.78
compas,0,42,3,374,2,"[30, 1, 0, 14, 1, 0, 1, 0, 1, 2]",1,1,"[30.956474336467675, 1.0, 0.0, 14.009083137892482, 1.0, 0.0, 1.0, 0.0, 0.0, 2.1830077691626326]",0,True,True,64,50.731,nn,0.78
compas,0,42,3,374,3,"[30, 1, 0, 14, 1, 0, 1, 0, 1, 2]",1,1,"[33.161067921123696, 1.0, 0.0, 14.018765097051523, 1.0, 0.0, 1.0, 0.0, 0.0, 2.427532379374901]",0,True,True,64,50.658,nn,0.78
compas,0,42,3,374,4,"[30, 1, 0, 14, 1, 0, 1, 0, 1, 2]",1,1,"[30.137250470125753, 1.0, 0.0, 14.012646035416822, 1.0, 0.0, 1.0, 0.0, 0.0, 1149.2050249144124]",0,True,True,64,50.727,nn,0.78
compas,0,42,3,376,0,"[37, 1, 0, 12, 74, 0, 0, 0, 0, 25]",1,0,"[37.0, 1.0, 3.0, 12.0, 74.0, 0.0, 0.0, 0.0, 0.0, 1008.5308765086346]",0,True,True,64,54.867,nn,0.78
compas,0,42,3,376,1,"[37, 1, 0, 12, 74, 0, 0, 0, 0, 25]",1,0,"[37.0, 1.0, 5.0, 12.0, 74.0, 0.0, 0.0, 0.0, 0.0, 1015.8306764634875]",0,True,True,64,51.984,nn,0.78
compas,0,42,3,376,2,"[37, 1, 0, 12, 74, 0, 0, 0, 0, 25]",1,0,"[37.0, 1.0, 3.0, 12.0, 74.0, 0.0, 0.0, 0.0, 0.0, 1007.7470906079873]",0,True,True,64,51.7,nn,0.78
compas,0,42,3,376,3,"[37, 1, 0, 12, 74, 0, 0, 0, 0, 25]",1,0,"[37.0, 1.0, 3.0, 12.0, 74.0, 0.0, 0.0, 0.0, 0.0, 1012.4016597456233]",0,True,True,64,51.864,nn,0.78
compas,0,42,3,376,4,"[37, 1, 0, 12, 74, 0, 0, 0, 0, 25]",1,0,"[37.0, 1.0, 5.0, 12.0, 74.0, 0.0, 0.0, 0.0, 0.0, 1015.4943421328409]",0,True,True,64,51.607,nn,0.78
compas,0,42,3,381,0,"[26, 1, 0, 13, 1, 1, 1, 0, 1, 1]",1,1,"[31.654091857873848, 1.0, 0.0, 13.007803146840963, 1.0, 0.0, 1.0, 0.0, 0.0, 3.3247267430817264]",0,True,True,64,53.704,nn,0.78
compas,0,42,3,381,1,"[26, 1, 0, 13, 1, 1, 1, 0, 1, 1]",1,1,"[31.3883069254143, 1.0, 0.0, 12.98499128718766, 1.0, 0.0, 1.0, 0.0, 0.0, 2.5094657231938022]",0,True,True,64,50.805,nn,0.78
compas,0,42,3,381,2,"[26, 1, 0, 13, 1, 1, 1, 0, 1, 1]",1,1,"[27.072333510659416, 1.0, 0.0, 13.016911199608165, 1.0, 0.0, 1.0, 0.0, 0.0, 2.586255481625897]",0,True,True,64,50.756,nn,0.78
compas,0,42,3,381,3,"[26, 1, 0, 13, 1, 1, 1, 0, 1, 1]",1,1,"[27.190963011158892, 1.0, 0.0, 12.979390222267584, 1.0, 0.0, 1.0, 0.0, 0.0, 11.770053225032147]",0,True,True,64,50.723,nn,0.78
compas,0,42,3,381,4,"[26, 1, 0, 13, 1, 1, 1, 0, 1, 1]",1,1,"[27.027778023271857, 1.0, 0.0, 12.997630654594467, 1.0, 0.0, 1.0, 0.0, 0.0, 1200.0]",0,True,True,64,50.686,nn,0.78
compas,0,42,3,382,0,"[31, 1, 0, 9, 1, 0, 0, 0, 0, 0]",1,1,"[31.0, 1.0, 3.0, 9.0, 1.0, 0.0, 0.0, 0.0, 0.0, 1200.0]",0,True,True,64,54.701,nn,0.78
compas,0,42,3,382,1,"[31, 1, 0, 9, 1, 0, 0, 0, 0, 0]",1,1,"[31.0, 1.0, 0.0, 0.0, 1.0, 0.0, 0.0, 0.0, 0.0, 0.6331004674167362]",0,True,True,64,52.288,nn,0.78
compas,0,42,3,382,2,"[31, 1, 0, 9, 1, 0, 0, 0, 0, 0]",1,1,"[31.0, 1.0, 3.0, 9.0, 1.0, 0.0, 0.0, 0.0, 0.0, 1200.0]",0,True,True,64,52.375,nn,0.78
compas,0,42,3,382,3,"[31, 1, 0, 9, 1, 0, 0, 0, 0, 0]",1,1,"[31.0, 1.0, 0.0, 0.0, 1.0, 0.0, 0.0, 0.0, 0.0, 0.7238726637257553]",0,True,True,64,52.298,nn,0.78
compas,0,42,3,382,4,"[31, 1, 0, 9, 1, 0, 0, 0, 0, 0]",1,1,"[31.0, 1.0, 3.0, 9.0, 1.0, 0.0, 0.0, 0.0, 0.0, 1119.8582375049327]",0,True,True,64,51.648,nn,0.78
compas,0,42,3,399,0,"[34, 1, 0, 4, 378, 0, 1, 1, 1, 530]",1,0,"[34.0, 1.0, 0.0, 4.0, 373.76061102956277, 0.0, 1.0, 1.0, 0.0, 530.0]",0,True,True,64,53.899,nn,0.78
compas,0,42,3,399,1,"[34, 1, 0, 4, 378, 0, 1, 1, 1, 530]",1,0,"[34.0, 1.0, 0.0, 4.0, 380.31443136447535, 0.0, 1.0, 1.0, 0.0, 530.0]",0,True,True,64,52.879,nn,0.78
compas,0,42,3,399,2,"[34, 1, 0, 4, 378, 0, 1, 1, 1, 530]",1,0,"[34.0, 1.0, 0.0, 4.0, 393.50056439869655, 0.0, 1.0, 1.0, 0.0, 530.0]",0,True,True,64,52.814,nn,0.78
compas,0,42,3,399,3,"[34, 1, 0, 4, 378, 0, 1, 1, 1, 530]",1,0,"[34.0, 1.0, 0.0, 4.0, 378.963617479777, 0.0, 1.0, 1.0, 0.0, 530.0]",0,True,True,64,52.844,nn,0.78
compas,0,42,3,399,4,"[34, 1, 0, 4, 378, 0, 1, 1, 1, 530]",1,0,"[34.0, 1.0, 0.0, 4.0, 379.22838568749734, 0.0, 1.0, 1.0, 0.0, 530.0]",0,True,True,64,51.232,nn,0.78
